number,total_hits_all,total_hits_5000
1714,34,1
1115,34,1
1398,34,3
9908,34,4
0002,34,2
2155,34,2
8706,34,4
4471,34,3
2837,34,6
5067,34,4
0210,34,2
9836,34,1
5328,34,2
5021,34,0
8657,34,3
4153,34,3
4463,34,2
4176,34,0
9251,34,3
5680,34,5
3387,34,4
1910,34,4
1401,34,3
0785,34,3
3438,34,1
3188,34,0
2732,34,1
0200,34,3
7871,34,3
1464,34,4
5115,34,1
5933,34,3
3855,34,2
0499,34,3
7654,34,3
2726,34,3
5935,34,3
4736,34,7
1710,34,1
4999,34,1
7023,34,1
3378,34,1
2705,34,1
1739,34,3
4779,34,3
5114,34,1
1148,34,2
5106,34,0
4206,34,2
7186,34,2
4531,34,0
4137,34,0
7600,34,4
0324,34,1
5790,34,1
0432,34,1
5438,34,4
0975,34,2
5724,34,0
8193,34,4
3489,34,2
0892,34,3
6732,34,1
1981,34,3
2439,34,4
7762,34,3
4508,34,3
7805,34,2
8673,34,4
1609,34,2
2249,34,1
6540,34,1
9508,34,2
9643,34,3
1052,34,1
0532,34,1
2145,34,3
9668,34,1
2606,34,4
5614,34,1
7802,34,1
4027,34,2
8781,34,3
3176,34,4
4436,34,2
9821,34,1
1786,34,2
2532,34,5
4726,34,3
3072,34,2
9206,34,4
4007,34,1
4657,34,0
4732,34,2
9323,34,1
8339,34,2
9872,34,2
1500,34,2
6681,34,2
5832,34,3
9701,34,1
9471,34,2
4073,34,3
2946,34,5
5295,34,4
1252,34,1
5165,34,3
5903,34,2
2041,34,1
2404,34,2
3607,34,4
6555,34,6
6906,34,3
5892,34,6
5300,34,3
3842,34,1
2592,34,3
5638,34,2
1792,34,4
2215,34,0
4958,34,7
4154,34,2
3561,34,2
5531,34,2
4962,34,3
6688,34,4
6764,34,1
1420,34,5
8795,34,3
1846,34,3
4704,34,1
9780,34,3
5695,34,0
6658,34,1
8208,34,3
2111,34,2
1100,34,2
8554,34,2
0101,34,0
6801,34,4
5754,34,4
0632,34,4
6834,34,2
2778,34,2
1776,34,1
4189,34,5
3348,34,1
2486,34,0
8173,34,1
3989,34,4
8824,34,4
1577,34,2
8436,34,4
9184,34,3
9343,34,6
4427,34,1
7764,34,4
7264,34,3
0453,34,3
6886,34,1
4803,34,1
4294,34,2
8987,34,3
5839,34,4
3988,34,4
1762,34,4
6788,34,3
8271,34,1
0784,34,3
3246,34,0
0645,34,2
2406,34,4
5195,34,0
9786,34,5
0399,34,5
2727,34,2
9654,34,4
4693,34,3
9618,34,2
1037,34,1
8945,34,5
7688,34,4
9281,34,4
6704,34,3
4649,34,1
5648,34,4
5369,34,5
6588,34,3
0719,34,0
3123,34,3
2107,34,2
7155,34,2
3111,34,3
6739,34,1
1110,34,1
9331,34,3
1128,34,1
1752,34,2
0906,34,4
1421,34,1
7143,34,3
6689,34,2
0401,34,1
6312,34,2
3286,34,3
8279,34,4
8720,34,3
1973,34,1
9724,34,2
8375,34,2
8784,34,3
4167,34,2
6359,34,3
1988,34,3
3687,34,1
9968,34,4
1704,34,4
8288,34,5
9505,34,1
5779,34,4
9407,34,2
8649,34,1
8352,34,1
4105,34,1
0297,34,3
0729,34,3
2187,34,0
5350,34,6
1271,34,1
1063,34,3
5799,34,2
6101,34,2
5632,34,4
1449,34,2
1608,34,6
1074,34,0
1715,34,3
3782,34,3
0257,34,1
6975,34,3
1572,34,4
0295,34,1
7165,34,2
0683,34,2
9703,34,3
3236,34,2
7142,34,2
5879,34,2
9823,34,0
5657,34,0
0526,34,1
6955,34,3
2085,34,4
4903,34,3
2742,34,3
9485,34,2
0900,34,2
3881,34,3
2222,34,3
1902,34,3
3586,34,2
0758,34,3
9706,34,1
8585,34,3
0167,34,2
5759,34,4
8045,34,3
2711,34,2
2407,34,2
1570,34,5
1361,34,2
1266,34,3
2182,34,4
1934,34,1
4612,34,2
4640,34,0
0509,34,1
1261,34,1
9385,34,2
1405,34,1
9249,34,2
0305,34,3
4478,34,6
1605,34,3
8326,34,0
3383,34,3
1644,34,4
9777,34,3
4006,34,1
8789,34,0
8198,34,4
9354,34,6
1043,34,5
0662,34,2
0489,34,1
6684,34,3
3731,34,1
6158,34,1
1688,34,0
6775,34,4
5574,34,0
5495,34,2
0312,34,2
8537,34,3
9166,34,2
5570,34,2
6432,34,2
2330,34,4
5593,34,3
7584,34,0
9238,34,3
3743,34,1
9481,34,1
5317,34,1
3765,34,0
6554,34,3
6778,34,5
9435,34,4
0319,35,0
3408,35,3
0782,35,2
8792,35,0
4672,35,3
2635,35,3
0690,35,4
0746,35,3
1573,35,4
3247,35,3
8797,35,0
4935,35,2
6352,35,4
9257,35,4
8475,35,1
8717,35,3
2594,35,1
3298,35,1
5738,35,0
6621,35,4
0187,35,2
0669,35,3
8917,35,2
3045,35,3
5940,35,4
3796,35,3
4233,35,4
1307,35,2
5122,35,4
0779,35,1
2169,35,4
5968,35,3
0734,35,5
2001,35,3
3165,35,2
6780,35,4
3317,35,1
3636,35,1
4507,35,1
2143,35,1
0202,35,3
9672,35,1
7737,35,1
0841,35,2
3495,35,3
3191,35,0
1702,35,2
1448,35,4
2152,35,2
9532,35,3
0971,35,4
4625,35,1
9638,35,2
2039,35,5
9230,35,0
4220,35,1
0458,35,2
8664,35,7
9740,35,1
6286,35,4
0591,35,2
0976,35,1
1397,35,3
6771,35,4
8425,35,2
5829,35,4
2870,35,2
2456,35,2
0337,35,2
8228,35,2
7637,35,1
0961,35,3
7152,35,3
5604,35,4
4727,35,2
5041,35,2
8847,35,1
2363,35,1
6483,35,1
8759,35,3
4996,35,3
9903,35,3
1738,35,3
0880,35,1
0614,35,1
0640,35,1
3385,35,6
5797,35,2
8251,35,4
4444,35,3
0980,35,0
0988,35,3
0886,35,3
8730,35,1
7209,35,4
1001,35,1
6218,35,0
4685,35,0
5278,35,0
3732,35,2
5766,35,1
3022,35,0
0806,35,2
0653,35,1
5931,35,2
1685,35,1
5312,35,1
9115,35,2
3774,35,2
0995,35,6
0075,35,4
0502,35,3
6022,35,4
2908,35,0
2949,35,0
2953,35,1
3705,35,4
6805,35,7
6395,35,4
8885,35,0
0062,35,1
0678,35,5
1204,35,0
2805,35,6
1961,35,2
9185,35,4
1250,35,4
7872,35,1
6670,35,8
9483,35,1
4122,35,1
0656,35,2
4025,35,0
8074,35,2
9641,35,2
3270,35,1
1255,35,3
1761,35,2
2747,35,2
4145,35,4
0427,35,1
4230,35,1
2792,35,6
4039,35,2
5197,35,2
0752,35,1
1306,35,4
1732,35,0
6635,35,2
6790,35,0
0279,35,2
4332,35,3
9156,35,3
5405,35,4
5641,35,2
5778,35,5
1482,35,1
8143,35,3
9451,35,1
9953,35,0
0606,35,3
6819,35,2
5472,35,2
0700,35,2
2305,35,3
2808,35,3
3159,35,3
5275,35,1
8265,35,4
8988,35,0
5977,35,2
7904,35,2
3086,35,3
8536,35,0
0143,35,4
8424,35,5
3541,35,2
8632,35,3
5606,35,1
0884,35,3
4102,35,3
5863,35,2
8532,35,0
8490,35,5
5925,35,1
7224,35,1
1661,35,2
1729,35,2
8617,35,3
1453,35,2
2918,35,3
6871,35,3
7733,35,0
7687,35,3
1288,35,0
1270,35,0
1203,35,1
1734,35,3
9873,35,5
1833,35,2
5242,35,2
8677,35,1
1713,35,2
1495,35,3
5435,35,1
4784,35,1
0808,35,3
4768,35,1
4687,35,2
2867,35,3
9975,35,6
6524,35,2
4228,35,2
6656,35,2
7921,35,3
8740,35,2
4005,35,4
3275,35,3
7163,35,4
3641,35,3
4980,35,2
3945,35,1
8146,35,2
6204,35,1
6677,35,0
0157,35,7
1153,35,1
3105,35,4
7398,35,2
7604,35,6
8209,35,1
5683,35,4
7941,35,3
0726,35,2
6317,35,3
2693,35,3
3115,35,0
3403,35,2
3473,35,4
5976,35,3
6786,35,1
2708,35,2
3563,35,3
8788,35,4
5679,35,2
7952,35,3
8742,35,1
6648,35,0
6702,35,5
1619,35,4
1785,35,3
2304,35,1
3807,35,6
3496,35,1
8633,35,4
5286,35,1
8186,35,2
8487,35,4
9000,35,2
9148,35,2
3345,35,1
9864,35,2
0486,35,6
0555,35,2
0009,35,1
8252,35,2
3575,35,2
5002,35,1
5161,35,2
7791,35,4
5706,35,2
5276,35,2
9205,35,2
6991,35,2
6741,35,2
3429,35,4
9783,35,5
8844,35,0
9707,35,4
3149,35,3
8095,35,7
7205,35,2
8911,35,2
3013,35,2
8830,35,3
4817,35,5
6251,35,3
8285,35,1
8359,35,4
2504,35,2
4481,35,2
4734,35,2
2179,35,0
1760,35,1
5628,35,0
5610,35,0
2791,35,1
1461,35,3
7612,35,3
9720,35,0
9191,35,4
8547,35,1
0133,35,2
9655,35,4
4622,35,1
1740,35,2
0046,35,4
1987,35,0
3998,35,2
2932,35,2
0138,35,1
1472,35,3
2772,35,2
2684,35,3
4777,35,1
6550,35,0
4930,35,3
1298,35,4
8964,35,4
0006,35,2
0757,35,3
8972,35,1
2775,35,1
6409,35,2
1048,35,5
6274,35,2
6807,35,5
7253,35,1
4276,35,7
5120,35,3
1245,35,5
9604,35,1
1838,35,3
5527,35,2
1046,35,2
5582,35,1
8085,35,2
4130,35,3
5675,35,1
4858,35,2
1865,35,0
4273,35,3
4947,35,2
3694,36,4
1895,36,4
3207,36,1
0204,36,3
8753,36,3
6402,36,1
1003,36,2
2897,36,2
3683,36,5
4843,36,4
6678,36,3
9779,36,5
9401,36,2
6757,36,4
0541,36,0
0894,36,1
2058,36,1
3645,36,0
6289,36,4
0080,36,1
4587,36,3
4522,36,2
8181,36,3
5983,36,2
0130,36,1
6628,36,2
2640,36,2
1083,36,1
8588,36,3
9554,36,1
7702,36,2
6706,36,3
8940,36,1
2167,36,2
5159,36,0
6705,36,2
8106,36,1
4801,36,0
0568,36,5
1489,36,2
5471,36,3
7935,36,6
0408,36,5
1796,36,4
1682,36,4
3996,36,3
6056,36,2
4793,36,5
1358,36,4
8348,36,4
1979,36,3
3703,36,3
4135,36,2
0682,36,3
4148,36,1
3475,36,3
9685,36,4
9062,36,4
5352,36,5
3032,36,1
5853,36,2
3201,36,1
6183,36,3
6831,36,2
5307,36,5
9673,36,3
5773,36,2
5302,36,1
7580,36,7
2487,36,1
7275,36,0
3761,36,1
7712,36,4
6842,36,2
4553,36,3
2232,36,5
4885,36,2
3681,36,1
4648,36,0
3099,36,5
2248,36,2
1725,36,2
9280,36,4
3468,36,6
8152,36,5
5677,36,0
3230,36,1
1852,36,0
1215,36,4
9269,36,2
6384,36,2
3789,36,3
9601,36,3
0776,36,2
0105,36,3
5061,36,0
5655,36,6
6538,36,2
7261,36,2
1188,36,4
1080,36,4
0274,36,2
8986,36,0
5704,36,0
6468,36,1
0038,36,1
8702,36,3
8303,36,2
9774,36,0
5691,36,2
2857,36,4
4974,36,3
4223,36,3
9463,36,1
4674,36,4
5167,36,3
5331,36,1
4401,36,3
6156,36,0
6482,36,2
2054,36,1
8283,36,3
7357,36,0
4178,36,3
2807,36,3
4845,36,4
1497,36,5
8365,36,3
6718,36,2
9392,36,2
0484,36,1
1746,36,3
4621,36,2
1967,36,2
2285,36,0
9087,36,5
0680,36,5
8284,36,2
4713,36,4
8718,36,3
6638,36,5
6878,36,2
1885,36,3
4442,36,2
5728,36,4
9799,36,1
8737,36,1
1632,36,2
1997,36,2
5787,36,3
2435,36,1
5664,36,3
6272,36,4
0155,36,6
4673,36,3
3185,36,2
8188,36,7
1941,36,6
1574,36,1
0072,36,7
1272,36,2
5059,36,1
3458,36,2
3308,36,2
0093,36,1
4582,36,1
4580,36,1
5843,36,2
5769,36,3
3722,36,2
3581,36,7
6777,36,5
0631,36,5
0953,36,2
5702,36,4
4808,36,1
1155,36,3
1238,36,1
3868,36,0
1652,36,4
6605,36,6
5199,36,0
5841,36,4
6985,36,3
8952,36,3
4190,36,2
3979,36,2
3285,36,1
7218,36,1
3213,36,2
5936,36,0
6278,36,5
8994,36,2
6477,36,2
5743,36,5
0657,36,0
8873,36,3
8865,36,5
0958,36,1
5127,36,1
3582,36,0
2279,36,3
1691,36,1
3919,36,4
4430,36,2
0742,36,3
2751,36,2
1635,36,3
8179,36,1
9977,36,2
0131,36,5
1944,36,2
9294,36,1
9696,36,1
7554,36,3
6977,36,1
1357,36,2
5930,36,1
2765,36,1
0986,36,1
1840,36,2
1907,36,4
3481,36,1
4402,36,4
9080,36,5
0578,36,3
0857,36,4
1754,36,3
0550,36,3
8771,36,3
7239,36,2
2848,36,6
7202,36,4
0706,36,1
9833,36,1
7673,36,4
3689,36,2
0181,36,2
9691,36,4
6565,36,1
4774,36,5
0708,36,3
6919,36,2
1287,36,4
8268,36,1
9578,36,5
1757,36,3
2906,36,5
4128,36,2
2246,36,2
2903,36,6
3163,36,3
1745,36,3
3571,36,4
9710,36,3
0225,36,2
6931,36,0
2468,36,2
7455,36,1
4414,36,4
3068,36,2
2619,36,3
1152,36,2
3827,36,1
8705,36,3
2763,36,4
8833,36,1
0829,36,1
9293,36,6
1875,36,2
2603,36,1
0698,36,2
0434,36,4
6282,36,3
4303,36,3
3962,36,2
1233,36,1
5299,36,1
5245,36,2
9379,36,1
3527,36,1
1855,36,4
4731,36,2
8890,36,7
5239,36,3
1230,36,3
1378,36,1
3751,36,2
7999,36,3
5418,36,3
0411,36,3
8624,36,1
8675,36,2
0858,36,2
0251,36,3
4733,36,3
5452,36,6
6680,36,4
6186,36,4
8441,36,2
0957,36,1
4908,36,2
8654,36,3
3992,36,5
8978,36,2
6117,36,3
3532,36,1
7722,36,2
7883,36,1
5904,36,3
1727,36,4
6235,36,6
4780,36,3
3713,36,3
1181,36,2
9003,36,1
8494,36,3
1684,36,3
0047,36,5
6642,36,2
1809,36,2
9381,36,1
4794,36,7
9479,36,2
7294,36,2
6383,36,3
1787,36,2
5876,36,3
1634,36,4
8639,36,5
8338,36,4
0602,36,3
6735,36,1
8726,36,5
8552,36,0
9637,36,2
9388,36,4
8122,36,3
3646,36,2
4738,36,4
7358,36,5
3084,36,0
1078,36,2
2354,36,1
4171,36,5
3444,36,2
0548,36,4
3769,36,2
8495,36,3
9425,36,4
4787,36,4
8538,36,2
5409,36,1
2507,36,4
0440,36,3
5040,36,2
1132,36,3
3452,36,2
4873,36,1
4226,36,4
5965,36,4
7662,36,0
4666,36,3
1694,36,1
2936,36,3
1206,36,1
2985,36,3
6374,36,5
0154,36,2
8958,36,2
1536,36,0
7232,36,1
0256,36,1
8941,36,1
0466,36,4
4064,36,2
0494,36,2
8668,36,2
5226,36,1
1566,36,5
0240,36,3
0148,36,3
1905,36,0
2255,36,4
0544,36,2
2676,36,4
2719,36,2
5635,36,3
5544,36,2
6134,36,3
5685,36,4
0198,37,4
5997,37,3
4548,37,7
2915,37,1
7625,37,5
6227,37,3
3912,37,2
1965,37,2
0140,37,1
9747,37,4
7066,37,0
8630,37,2
1933,37,11
0842,37,4
8625,37,1
7767,37,3
3783,37,7
3744,37,4
3730,37,2
5237,37,1
4718,37,2
6901,37,2
5801,37,3
2434,37,5
1445,37,2
8579,37,4
5464,37,1
0271,37,4
1709,37,4
2759,37,2
3963,37,3
6676,37,1
5730,37,3
9757,37,1
1971,37,3
0447,37,2
1168,37,2
0813,37,2
3672,37,4
3145,37,5
3896,37,3
5188,37,2
2555,37,2
6276,37,0
2234,37,1
9263,37,1
5315,37,1
3934,37,3
3968,37,3
9797,37,3
1998,37,3
7484,37,3
0443,37,3
8207,37,6
1921,37,2
7664,37,2
5140,37,3
1329,37,1
0984,37,2
1150,37,2
4250,37,0
2355,37,3
3135,37,2
0797,37,0
1555,37,2
1283,37,1
0981,37,5
1751,37,4
2653,37,7
2076,37,7
7141,37,3
6953,37,2
5881,37,2
6404,37,3
8225,37,3
1780,37,2
0287,37,1
5426,37,5
4093,37,6
6097,37,4
5402,37,1
5117,37,3
5979,37,2
1232,37,3
3758,37,3
8371,37,3
5358,37,2
4505,37,1
2744,37,3
4418,37,3
1289,37,2
0701,37,2
2293,37,6
7472,37,3
5163,37,4
3685,37,5
1618,37,2
4351,37,5
1717,37,5
4123,37,1
1850,37,6
9149,37,2
9582,37,1
5408,37,4
5294,37,2
0545,37,0
1076,37,1
3183,37,3
2239,37,2
9750,37,3
5105,37,3
4545,37,0
6949,37,3
5874,37,2
1241,37,3
3530,37,3
1019,37,1
1442,37,2
1858,37,3
6541,37,6
6194,37,5
8485,37,0
4916,37,3
6105,37,4
6333,37,2
0543,37,1
9941,37,3
7774,37,3
5430,37,1
0253,37,2
1407,37,1
1486,37,1
0173,37,4
5603,37,4
4312,37,3
2390,37,4
4360,37,1
6726,37,3
4340,37,7
5374,37,1
8764,37,2
3578,37,1
2068,37,3
2784,37,0
2767,37,2
9161,37,1
8231,37,2
2862,37,2
8840,37,3
6600,37,0
2093,37,5
8587,37,1
3118,37,3
4464,37,3
2356,37,2
5786,37,1
6435,37,1
1687,37,3
2080,37,4
1554,37,5
7405,37,5
5173,37,1
3441,37,1
0016,37,4
0004,37,2
1937,37,2
1837,37,1
9334,37,2
0388,37,1
4448,37,3
0014,37,3
8754,37,2
6370,37,0
0862,37,6
3546,37,3
2938,37,3
5700,37,4
4032,37,1
0876,37,3
0725,37,0
0022,37,5
8387,37,1
0867,37,5
6473,37,2
5508,37,3
1670,37,1
1503,37,4
0850,37,2
0504,37,1
2262,37,2
8837,37,1
0339,37,2
9395,37,3
5128,37,1
7030,37,0
1666,37,1
1452,37,5
7154,37,3
6449,37,1
7779,37,4
8234,37,5
4234,37,2
1135,37,0
2933,37,4
3517,37,3
4475,37,1
0186,37,0
8993,37,3
7547,37,2
0153,37,2
1248,37,2
1337,37,0
9403,37,1
6827,37,6
2574,37,1
3879,37,4
8671,37,3
0449,37,0
2455,37,6
1471,37,1
7481,37,2
7102,37,4
4675,37,1
1226,37,4
4344,37,2
4214,37,2
3946,37,3
3659,37,3
9141,37,1
5619,37,2
5380,37,5
2450,37,1
6487,37,1
4791,37,3
6904,37,2
5448,37,3
8118,37,1
9646,37,2
2691,37,2
4081,37,3
8765,37,3
1431,37,0
5982,37,2
8360,37,3
2980,37,1
2611,37,3
2123,37,2
1032,37,2
5151,37,4
0033,37,4
1612,37,2
1515,37,7
4094,37,2
2695,37,2
2224,37,5
8803,37,1
9478,37,2
8983,37,2
6055,37,2
4714,37,5
2489,37,2
3863,37,4
9585,37,5
1196,37,2
4767,37,3
6187,37,0
0716,37,5
2020,37,3
9370,37,4
8240,37,3
3416,37,4
5082,37,1
9033,37,2
7383,37,3
1548,37,3
8363,37,2
6580,37,3
8423,37,5
5717,37,3
3679,37,2
2159,37,4
2852,37,2
0316,37,2
1189,37,4
6466,37,3
1964,37,6
4656,37,1
0112,37,3
2283,37,2
6258,37,1
1658,37,1
4634,37,3
6608,37,1
3335,37,4
0585,37,1
8428,37,1
0042,37,2
7533,37,3
6694,37,4
1344,37,4
6645,37,1
9802,37,2
7630,37,2
5583,37,4
2300,37,2
4890,37,2
4653,37,1
4395,37,4
8508,37,4
5703,37,2
4450,37,2
0803,37,2
2411,37,3
0267,37,2
3121,37,2
1977,37,1
1251,37,3
1847,37,1
1604,37,2
8277,37,2
6868,37,3
1340,37,1
2536,37,6
8266,37,1
1088,37,0
4785,37,3
8337,37,2
4341,37,2
6144,37,3
9709,37,2
3643,37,4
9219,37,6
3812,37,1
0104,37,4
5357,37,2
2806,37,4
5323,37,1
2205,37,1
1707,37,1
6573,37,4
7777,37,2
3471,37,7
2206,37,0
0584,37,2
3718,37,4
4451,37,0
9524,37,4
7770,37,2
3087,37,2
1137,37,1
1978,37,3
8707,37,1
1209,37,4
7461,37,4
4335,37,2
7350,37,3
5555,37,6
1896,37,5
1156,37,3
4193,37,2
0242,37,3
8780,37,3
2074,37,5
5481,37,1
2644,37,2
9065,37,2
9200,37,1
8293,37,3
1874,37,3
0405,37,1
1883,37,1
1654,37,3
7382,37,6
0925,37,1
0774,37,3
0352,37,4
7475,37,6
0648,37,4
4051,37,5
5956,37,4
3587,37,3
3008,37,4
6911,37,1
1951,37,6
3662,37,3
5345,37,0
5554,37,0
5958,37,0
0810,37,3
7428,37,2
8782,37,3
0560,37,2
5248,37,1
4925,37,1
2183,37,0
3132,37,4
7103,37,5
0652,37,0
4849,37,2
2777,37,0
3735,37,3
4155,37,3
1657,37,0
2902,37,3
8459,37,2
1743,37,0
2512,37,1
8316,37,2
1351,37,5
9731,37,4
0228,37,4
1004,37,3
2477,37,2
3771,37,4
2701,37,6
3346,37,1
5792,37,2
5981,37,1
0147,37,2
0082,37,4
1788,37,2
9865,37,4
3160,37,0
9262,37,3
9684,37,4
1636,37,1
6433,37,1
8727,37,2
4691,37,6
5342,37,3
1382,38,2
3340,38,2
6381,38,5
4563,38,1
1868,38,3
4877,38,3
0514,38,0
4684,38,1
5102,38,3
8243,38,2
7149,38,0
8398,38,3
6247,38,3
5774,38,3
4859,38,4
2040,38,4
5217,38,2
8238,38,5
8735,38,5
7787,38,0
0833,38,1
9754,38,3
6655,38,2
9787,38,1
2451,38,2
7758,38,1
6451,38,2
5726,38,3
3366,38,4
1008,38,5
8233,38,3
6561,38,2
1669,38,1
0689,38,2
4346,38,4
4162,38,1
6740,38,2
0590,38,1
6595,38,1
6612,38,3
4437,38,1
3443,38,4
1180,38,5
4343,38,7
8584,38,3
4258,38,1
0603,38,2
1244,38,3
3499,38,1
8515,38,2
6467,38,3
6774,38,4
4125,38,2
7160,38,3
5193,38,3
5477,38,1
5075,38,2
9421,38,2
8298,38,4
0419,38,1
6077,38,5
4188,38,1
7426,38,6
0272,38,1
9547,38,3
5687,38,3
5303,38,2
3975,38,0
5532,38,1
4730,38,1
0061,38,1
6938,38,1
9372,38,2
8750,38,3
1674,38,3
1492,38,4
4603,38,1
7866,38,3
1435,38,5
5398,38,3
8839,38,1
2328,38,2
4641,38,1
5507,38,2
4161,38,1
8989,38,2
9886,38,3
5132,38,1
0420,38,8
9175,38,2
2682,38,3
1700,38,5
3157,38,5
7247,38,2
1663,38,1
8682,38,3
4901,38,1
4275,38,2
3474,38,3
2824,38,3
3520,38,0
6762,38,3
5731,38,2
1354,38,4
1805,38,3
3271,38,1
9433,38,0
5535,38,0
9165,38,3
9125,38,3
8637,38,1
0425,38,7
2760,38,3
3465,38,1
8333,38,3
6707,38,0
0000,38,1
0565,38,3
7796,38,2
0021,38,4
6549,38,0
7431,38,1
5650,38,1
7005,38,0
6454,38,2
8287,38,4
7797,38,4
9151,38,3
6178,38,2
7627,38,4
5985,38,0
2548,38,2
1639,38,1
3618,38,3
1968,38,1
1893,38,2
5719,38,0
9902,38,5
7746,38,1
8545,38,1
8686,38,3
8858,38,1
5394,38,2
2734,38,0
4028,38,1
9580,38,2
0801,38,0
9472,38,1
2365,38,5
1579,38,4
6364,38,5
5573,38,3
6730,38,2
6044,38,1
5970,38,1
5026,38,1
8473,38,2
0854,38,1
7289,38,2
6772,38,0
4131,38,3
1790,38,1
1558,38,1
2367,38,2
3943,38,3
2716,38,3
2916,38,3
2188,38,4
1568,38,4
3544,38,2
6005,38,1
4071,38,2
6746,38,2
3906,38,1
5580,38,4
0338,38,4
5812,38,2
8489,38,2
0262,38,3
6315,38,2
1278,38,2
9413,38,6
5588,38,1
3189,38,2
3250,38,5
2352,38,4
7207,38,6
6752,38,5
5138,38,0
4944,38,0
1867,38,3
7193,38,6
5729,38,2
6646,38,1
5501,38,0
4079,38,3
4643,38,0
8001,38,2
6744,38,5
0092,38,5
5346,38,2
4895,38,3
7482,38,2
5838,38,5
1220,38,1
8551,38,3
0962,38,1
3675,38,3
4771,38,4
8785,38,3
5621,38,1
2046,38,3
1335,38,0
0859,38,3
1402,38,3
1125,38,8
5618,38,2
2602,38,7
7245,38,4
1949,38,3
9428,38,2
9530,38,3
3953,38,0
9333,38,1
9157,38,4
4406,38,2
7234,38,1
1007,38,2
0688,38,1
4592,38,3
6088,38,3
4615,38,1
2649,38,1
9246,38,2
3838,38,0
2595,38,2
0834,38,1
0460,38,3
0176,38,2
6986,38,2
8773,38,2
3415,38,3
7297,38,3
5646,38,1
5001,38,2
1582,38,5
4152,38,2
4074,38,6
2790,38,1
2457,38,3
6963,38,2
1192,38,3
0831,38,1
5250,38,3
8645,38,5
0800,38,1
5505,38,3
1747,38,5
3595,38,3
3174,38,8
9188,38,1
8295,38,3
2302,38,1
2683,38,3
3137,38,2
7647,38,3
6259,38,2
3846,38,1
7311,38,3
2088,38,2
4977,38,0
2317,38,4
1764,38,0
5644,38,0
4266,38,1
3801,38,4
5884,38,2
0660,38,2
0913,38,3
1908,38,4
4285,38,5
2904,38,3
0802,38,2
0675,38,2
2379,38,2
4423,38,4
5432,38,1
2332,38,0
1432,38,7
0069,38,2
0771,38,3
2063,38,1
8872,38,2
3038,38,1
9349,38,6
2336,38,2
1664,38,3
0658,38,3
7585,38,2
0753,38,4
0751,38,4
6639,38,3
9198,38,3
7157,38,5
5187,38,0
2142,38,7
1913,38,1
1476,38,3
6145,38,2
9476,38,2
0215,38,4
6665,38,4
6394,38,0
0908,38,2
0790,38,2
5089,38,4
4183,38,3
0212,38,2
3767,38,2
0789,38,2
1871,38,2
9071,38,2
9648,38,3
7617,38,0
1585,38,1
7732,38,3
4147,38,4
0235,38,1
9772,38,3
1588,38,2
2416,38,4
5483,38,2
6179,38,3
3932,38,2
9588,38,5
5447,38,1
1986,38,2
0786,38,4
6756,38,5
4722,38,1
7639,38,4
5624,38,2
2783,38,4
9607,38,2
3479,38,2
6791,38,6
1613,38,5
1825,38,4
4981,38,3
4799,38,1
4103,38,2
1773,38,5
3332,38,3
6846,38,2
0441,38,2
6745,38,3
5419,38,2
4124,38,5
5834,38,1
2976,38,1
5780,38,2
5022,38,3
4637,38,2
8653,38,2
6314,38,4
9718,38,2
3338,38,3
5767,38,1
3315,38,3
6671,38,1
3377,38,2
5923,38,4
9603,38,1
4991,38,2
9920,38,6
4100,38,2
1777,38,2
9621,38,2
8048,38,2
0260,38,4
7408,38,4
5711,38,8
3407,38,1
3619,38,2
6048,38,3
0731,38,2
6667,38,3
1992,38,1
0954,38,3
6452,38,1
3572,38,7
8580,38,2
5030,38,2
5682,38,0
2910,38,0
1841,38,4
0665,38,5
1033,38,2
5845,38,5
0481,38,4
9414,38,6
5211,38,5
6934,38,4
2860,38,4
5605,38,1
5542,38,2
4645,38,2
4256,38,4
2802,38,0
0589,38,1
9878,38,4
9051,38,3
8389,38,4
9699,38,4
5995,38,3
9134,38,2
4760,38,3
6389,38,1
3224,38,3
0304,38,2
1665,38,4
3746,38,2
2240,38,2
0999,38,4
1276,38,2
2308,38,3
4421,38,0
9608,38,2
8738,38,5
8523,38,4
4549,38,4
2387,38,7
3794,38,1
4772,38,4
6992,38,3
8679,38,4
1210,38,4
3865,38,1
7503,38,4
5152,38,2
5723,38,4
5412,38,4
5758,38,4
6784,38,2
0637,38,1
6893,38,6
4020,38,2
8924,38,4
2051,38,5
4880,38,2
2310,38,1
5215,38,3
0195,38,3
9930,38,4
9622,38,0
6408,38,5
1193,38,1
2930,38,6
9008,38,0
4891,38,3
0032,38,0
1440,38,1
2147,38,2
4484,38,1
4441,38,2
8356,38,3
8134,38,6
6603,38,8
4502,38,1
8130,38,4
2670,38,1
5461,38,6
4792,38,3
2277,38,4
1490,38,4
9768,38,5
4547,38,2
7530,38,1
0903,38,4
1744,38,1
7260,38,2
8655,38,1
5562,38,3
6962,38,1
7720,38,0
8814,38,3
3342,38,3
1108,38,4
8745,38,1
1960,38,3
3060,38,2
4655,38,2
4773,38,2
2286,38,1
8002,38,3
7243,39,3
4761,39,2
5944,39,5
1379,39,4
9103,39,4
6150,39,1
8149,39,4
4867,39,3
9138,39,2
9082,39,2
7958,39,1
1362,39,2
5939,39,4
2530,39,3
9275,39,3
4770,39,1
0659,39,1
1163,39,1
0760,39,0
9484,39,1
6051,39,2
0992,39,3
1696,39,1
4260,39,1
8767,39,4
7947,39,6
3102,39,5
0089,39,4
5996,39,4
2538,39,1
1679,39,1
1396,39,2
6736,39,3
0137,39,1
7188,39,1
7175,39,5
4380,39,1
4298,39,3
4485,39,2
1375,39,1
5636,39,2
7607,39,0
1294,39,1
7035,39,1
9528,39,3
9405,39,1
7830,39,0
6577,39,1
6753,39,1
2463,39,2
6087,39,3
0048,39,4
9901,39,1
5383,39,2
5305,39,4
9542,39,3
3049,39,2
3707,39,0
4356,39,4
1162,39,3
0943,39,0
9634,39,1
8689,39,1
0345,39,3
9415,39,3
0261,39,1
4602,39,0
5631,39,3
8605,39,1
8024,39,4
5807,39,2
1594,39,1
7798,39,2
2934,39,4
9127,39,4
9475,39,1
3562,39,5
6453,39,5
8486,39,2
2296,39,3
9243,39,4
8821,39,3
0007,39,6
0328,39,3
4883,39,4
3752,39,2
1748,39,2
3959,39,1
8709,39,2
7301,39,3
6974,39,6
4875,39,4
5854,39,5
4710,39,5
8772,39,0
7257,39,3
7638,39,3
6958,39,5
6996,39,2
0573,39,1
5949,39,3
7318,39,3
7252,39,4
0102,39,1
9689,39,1
6018,39,3
0369,39,5
8078,39,4
6413,39,3
6948,39,1
2263,39,1
5609,39,5
8404,39,2
5244,39,2
8566,39,2
7889,39,3
2301,39,4
9465,39,0
1985,39,2
1417,39,4
8567,39,2
8232,39,3
5671,39,2
8384,39,4
2672,39,1
5735,39,5
4558,39,2
4490,39,1
3316,39,1
0265,39,2
6373,39,0
0171,39,6
7816,39,2
3446,39,1
9557,39,7
9858,39,1
4387,39,2
6442,39,1
3161,39,3
2740,39,2
9064,39,4
6426,39,4
7385,39,2
8665,39,4
0832,39,3
9355,39,9
0375,39,2
0624,39,2
2428,39,5
1455,39,2
3668,39,2
7342,39,2
1716,39,3
5727,39,1
6523,39,1
0934,39,1
4104,39,4
0594,39,2
3909,39,2
2694,39,1
0537,39,3
6575,39,4
0098,39,2
9270,39,4
9108,39,3
3386,39,2
9856,39,1
2722,39,4
1253,39,3
0211,39,4
2429,39,0
8016,39,0
0580,39,6
1749,39,6
1087,39,1
7792,39,1
8105,39,1
0960,39,1
6185,39,4
0911,39,2
6634,39,1
8662,39,2
7389,39,4
9645,39,7
9461,39,0
8440,39,2
1274,39,1
8694,39,1
2030,39,1
4957,39,3
9232,39,2
6388,39,4
7386,39,2
6630,39,5
9329,39,2
2981,39,1
2780,39,0
6506,39,3
6363,39,2
0083,39,2
2236,39,3
5262,39,4
1899,39,1
4200,39,4
7048,39,4
9876,39,4
6337,39,4
6140,39,1
5578,39,2
5972,39,4
4628,39,1
0546,39,5
0464,39,1
1308,39,3
3991,39,3
5670,39,4
1053,39,4
2687,39,1
3280,39,1
1467,39,4
4994,39,3
1057,39,3
5479,39,4
0230,39,2
8746,39,5
2968,39,5
3835,39,2
9615,39,5
5263,39,5
3487,39,2
3109,39,5
2877,39,1
9504,39,4
6618,39,0
3770,39,4
7988,39,1
9107,39,5
3327,39,5
2846,39,3
4725,39,1
4163,39,4
6176,39,4
4667,39,0
9455,39,1
5174,39,2
4245,39,1
3486,39,3
7769,39,3
8577,39,3
4570,39,1
9890,39,5
6113,39,3
7197,39,0
6093,39,3
5833,39,0
0644,39,4
4080,39,6
3647,39,0
6795,39,0
9630,39,5
2899,39,4
1082,39,1
1469,39,3
1886,39,4
3600,39,2
7671,39,4
9801,39,1
7574,39,4
5548,39,2
4818,39,3
8933,39,1
0178,39,1
9822,39,3
0561,39,0
9458,39,3
9091,39,5
8306,39,1
4248,39,2
3734,39,3
4614,39,0
4217,39,6
4650,39,1
6346,39,1
7176,39,1
0314,39,4
6222,39,4
6830,39,2
5403,39,2
0759,39,3
1770,39,2
4127,39,0
3875,39,2
1938,39,3
0794,39,3
8859,39,3
5271,39,1
7706,39,2
1415,39,5
1312,39,3
8310,39,2
1201,39,3
8454,39,5
4495,39,3
6610,39,3
3858,39,2
8202,39,6
4899,39,3
3830,39,4
1428,39,3
6873,39,4
6532,39,2
8344,39,4
5708,39,3
2235,39,4
0650,39,2
4679,39,0
8966,39,5
1066,39,4
0255,39,3
0052,39,2
7204,39,2
5433,39,4
7114,39,3
2570,39,0
6999,39,1
2431,39,4
8743,39,4
6208,39,1
4021,39,4
9467,39,2
8429,39,5
5515,39,1
6750,39,5
5028,39,1
2257,39,3
2181,39,1
9659,39,5
9614,39,1
9473,39,3
8703,39,1
9083,39,1
1523,39,1
1280,39,1
3660,39,6
4059,39,1
2173,39,0
9296,39,4
5289,39,4
6754,39,3
0472,39,3
4407,39,4
2438,39,3
9980,39,3
1092,39,5
2883,39,2
9782,39,2
9362,39,3
5038,39,2
3890,39,3
4851,39,4
8949,39,1
9636,39,1
9387,39,2
9137,39,3
4433,39,4
9881,39,2
7641,39,1
6557,39,2
2008,39,2
2991,39,3
3350,39,3
3558,39,1
9335,39,1
5918,39,1
1970,39,5
4173,39,3
3218,39,4
1505,39,3
7650,39,3
7303,39,7
0891,39,3
7055,39,5
3351,39,3
6142,39,2
0773,39,4
0562,39,6
4758,39,1
4660,39,0
3500,39,6
2752,39,2
7246,39,2
9102,39,3
8884,39,3
5205,39,0
5850,39,3
7278,39,6
5961,39,2
9952,39,6
3538,39,0
2804,39,3
4896,39,5
5818,39,2
0323,39,4
1320,39,3
8164,39,1
3965,39,2
6728,39,3
3956,39,1
4538,39,7
4219,39,3
6309,39,0
5385,39,4
7201,39,1
7768,39,2
5811,39,3
7833,39,3
7271,39,5
4711,39,0
0947,39,1
1983,39,0
9625,39,4
5493,39,7
4182,39,5
0011,39,3
8757,39,4
8769,39,4
1975,39,0
8248,39,5
7467,39,2
7314,39,1
1225,39,1
7344,39,3
3880,39,3
2480,39,3
2034,39,4
1478,39,1
1575,39,6
7852,39,2
0490,39,3
7836,39,5
8895,39,3
4998,39,8
9194,39,1
0540,39,3
6494,39,3
2714,39,2
2597,39,4
2319,39,5
6587,39,1
4087,39,5
2950,39,8
1304,39,2
3292,39,1
2539,39,2
0471,39,4
6040,39,3
6356,39,2
5425,39,7
1625,39,4
1501,39,3
5763,39,2
6127,39,3
1695,39,2
3854,39,3
9070,39,2
9715,39,1
8606,39,4
0015,39,4
7156,39,1
9915,39,2
0103,39,3
0183,39,2
5142,39,6
5500,39,2
0569,39,2
7167,39,2
1282,39,2
9452,39,1
8504,39,2
8314,39,3
4238,39,0
1880,39,3
1733,39,1
1856,39,3
8559,39,3
8603,39,7
7434,39,2
9454,39,1
9290,39,3
2624,39,4
3887,39,2
3711,39,3
0190,39,4
2460,39,5
2346,39,2
9113,39,3
4277,39,4
3553,39,2
2907,39,0
6954,39,2
0476,39,0
2913,40,6
4292,40,5
5456,40,1
4900,40,1
9818,40,1
4362,40,2
1912,40,2
2153,40,5
3970,40,6
0374,40,3
3158,40,4
4222,40,4
1854,40,2
9084,40,2
3976,40,4
2982,40,3
2490,40,9
5049,40,3
8377,40,4
1240,40,5
4623,40,1
2564,40,4
6742,40,1
0436,40,1
8084,40,2
8902,40,3
6877,40,7
3719,40,2
9495,40,3
0863,40,2
2432,40,2
3467,40,3
5496,40,3
4218,40,4
2227,40,2
3140,40,2
4359,40,4
6182,40,3
2613,40,1
8437,40,2
5260,40,4
9805,40,5
9937,40,3
5908,40,2
1647,40,1
2294,40,3
9244,40,3
1879,40,6
6341,40,3
8315,40,3
9681,40,3
4305,40,6
2057,40,5
1165,40,0
8165,40,6
8174,40,2
9176,40,4
4832,40,2
3353,40,3
9160,40,3
7282,40,4
8261,40,0
3180,40,1
8442,40,2
4262,40,0
5338,40,2
8981,40,3
4287,40,2
6782,40,2
0885,40,2
2568,40,2
3245,40,2
2642,40,3
8888,40,4
3548,40,2
8086,40,4
3326,40,2
0634,40,4
5218,40,0
6808,40,0
1454,40,2
8550,40,5
8171,40,5
4917,40,6
2203,40,1
2335,40,2
9338,40,3
7572,40,4
4321,40,3
2056,40,1
2090,40,2
9629,40,7
8848,40,2
0582,40,2
8790,40,2
9657,40,4
3457,40,3
1341,40,2
1380,40,5
3061,40,2
1804,40,2
7961,40,4
5888,40,5
2674,40,1
9240,40,3
4876,40,1
3911,40,2
8068,40,5
1742,40,4
0336,40,1
4042,40,2
5662,40,2
5777,40,2
6064,40,5
9932,40,4
4556,40,4
6690,40,1
7199,40,3
3585,40,2
1830,40,4
6161,40,1
6288,40,1
2380,40,4
1113,40,3
2977,40,2
8101,40,2
7061,40,3
1690,40,2
9697,40,5
5047,40,0
5434,40,2
1797,40,2
7326,40,4
6405,40,4
7735,40,1
1136,40,2
7759,40,1
0086,40,3
3790,40,2
6243,40,3
1387,40,4
5154,40,5
0393,40,2
8047,40,2
4786,40,5
5370,40,3
9016,40,2
2978,40,0
5633,40,0
9389,40,4
8406,40,3
8443,40,4
1352,40,3
4729,40,0
1901,40,2
4537,40,3
5074,40,1
4342,40,1
3961,40,5
6338,40,3
1400,40,0
6520,40,3
9993,40,6
5344,40,3
8796,40,2
7705,40,2
8132,40,4
4016,40,5
6968,40,4
5207,40,1
6686,40,1
4040,40,1
5458,40,2
1483,40,4
0933,40,2
0508,40,3
1819,40,2
6162,40,4
6171,40,3
6504,40,4
6637,40,2
1816,40,0
5005,40,3
0474,40,1
1258,40,4
3995,40,0
2999,40,4
4353,40,3
5463,40,1
5169,40,2
5367,40,3
1286,40,6
1976,40,2
2669,40,7
7172,40,3
8672,40,4
7981,40,6
1493,40,3
2834,40,3
3491,40,3
9616,40,2
8323,40,6
0616,40,3
3004,40,2
3485,40,0
7954,40,5
4092,40,3
8358,40,4
5257,40,0
6493,40,3
7443,40,2
1615,40,3
2517,40,2
1559,40,3
7359,40,2
6084,40,3
6290,40,2
3739,40,7
9811,40,0
7741,40,3
6789,40,4
0826,40,1
0467,40,4
9667,40,5
7906,40,2
6096,40,5
6198,40,5
9700,40,2
5035,40,1
5136,40,3
7723,40,4
8094,40,3
3519,40,3
2587,40,4
3826,40,5
0264,40,2
1783,40,1
5543,40,3
0899,40,1
5306,40,3
4576,40,0
9132,40,2
0574,40,4
5642,40,0
5964,40,2
0203,40,7
2082,40,3
2586,40,3
9159,40,0
4403,40,2
1151,40,0
1556,40,1
0269,40,4
2917,40,5
6110,40,5
1422,40,2
8786,40,3
5150,40,2
0018,40,2
5422,40,4
4836,40,6
7098,40,4
2789,40,6
8722,40,0
1643,40,3
0910,40,3
9500,40,2
1433,40,1
3268,40,2
1477,40,3
5113,40,3
5835,40,3
7474,40,5
3928,40,1
4912,40,4
9305,40,5
3985,40,2
5647,40,2
0647,40,1
2838,40,4
0201,40,4
3506,40,2
6205,40,3
0439,40,2
0741,40,3
7575,40,3
3030,40,4
3692,40,3
1363,40,1
0470,40,4
5686,40,2
9851,40,4
2442,40,3
0158,40,2
1995,40,4
2176,40,2
8042,40,3
6075,40,1
9587,40,4
2678,40,2
4209,40,1
3170,40,4
6340,40,6
2349,40,2
8688,40,4
6450,40,2
7748,40,3
6119,40,2
2553,40,6
3226,40,3
5480,40,2
5612,40,0
6584,40,6
0296,40,2
1318,40,2
3464,40,7
5141,40,4
2141,40,1
1511,40,5
4029,40,3
9831,40,1
3107,40,5
0888,40,4
1014,40,4
7765,40,0
6625,40,2
9404,40,1
0787,40,3
0963,40,6
5062,40,4
2641,40,1
4281,40,2
5309,40,3
3816,40,4
6348,40,2
3853,40,4
5083,40,1
8518,40,5
4373,40,3
4118,40,4
4331,40,1
5301,40,3
1759,40,2
8826,40,4
8194,40,3
5267,40,5
6153,40,5
4759,40,1
6785,40,4
1496,40,1
9705,40,7
0566,40,2
5243,40,0
1592,40,3
9172,40,3
4384,40,4
5341,40,2
5351,40,2
1851,40,1
1836,40,1
2409,40,1
6502,40,4
4992,40,1
4922,40,3
0707,40,4
5292,40,2
4221,40,5
6261,40,4
7897,40,4
0977,40,2
4749,40,4
3193,40,6
6495,40,1
3152,40,3
8601,40,3
9973,40,6
5649,40,3
5937,40,5
2764,40,3
8857,40,2
0930,40,0
9766,40,4
0612,40,1
1640,40,3
1655,40,1
5756,40,5
8135,40,1
2042,40,4
9956,40,1
8058,40,4
0333,40,0
7489,40,6
1531,40,5
4449,40,2
4721,40,5
1084,40,2
3818,40,3
2658,40,6
8802,40,2
1198,40,3
2677,40,1
5100,40,1
3715,40,3
2108,40,2
5221,40,1
3639,40,3
8081,40,2
3192,40,4
4658,40,2
4909,40,1
6086,40,2
6255,40,2
4606,40,3
1771,40,4
6864,40,3
2266,40,2
2292,40,3
4452,40,2
1368,40,1
1930,40,6
8683,40,3
5600,40,4
9729,40,3
6884,40,5
0117,40,1
8191,40,2
5772,40,2
1179,40,1
9352,40,2
3986,40,3
7237,40,1
8413,40,6
1441,40,3
8141,40,1
9521,40,5
7034,40,3
8479,40,2
6390,40,2
4455,40,5
3320,40,3
6298,40,1
6586,40,5
8088,40,1
6387,40,4
6957,40,5
6602,40,0
4364,40,2
5449,40,9
7930,40,4
8052,40,4
4865,40,1
5280,40,2
2237,40,2
9266,40,2
4283,40,4
8697,40,1
0469,40,3
3969,40,0
1035,40,2
5776,40,1
0169,40,5
3216,40,4
6330,40,3
0477,40,2
2888,40,1
8163,40,2
1371,40,2
8854,40,3
0041,40,3
0247,40,2
4494,40,3
0361,40,2
8876,40,6
3299,40,4
3631,40,6
8985,40,2
9677,40,3
6488,40,2
8546,40,0
4274,40,3
1595,40,2
3837,40,3
1222,40,2
9745,40,4
5673,40,4
9291,40,5
3460,40,6
8651,40,0
5902,40,5
1231,40,2
1712,40,3
0798,40,5
5736,40,4
1972,40,1
5563,40,5
9793,40,3
5410,40,3
8701,40,3
9806,40,2
3314,40,3
0380,40,4
9738,40,2
2729,40,3
3080,40,0
3811,40,2
2723,40,2
4698,40,6
6935,40,3
5640,40,1
5722,40,0
6832,40,3
6518,40,2
4055,40,5
6236,40,1
2422,40,1
2590,40,6
2713,40,2
5360,40,3
1818,40,3
4374,40,5
1859,40,0
6965,40,2
9456,40,3
3598,40,3
2745,40,2
6779,40,2
4326,40,1
0389,41,2
2007,41,3
2102,41,2
2055,41,0
6478,41,4
2884,41,0
9130,41,2
0756,41,2
7775,41,4
1954,41,8
3046,41,4
6509,41,2
8184,41,4
1623,41,4
0065,41,3
8291,41,1
2638,41,2
1834,41,1
4690,41,4
9364,41,1
4243,41,3
0723,41,6
5135,41,3
1806,41,5
0740,41,3
5622,41,1
6703,41,2
5692,41,0
5258,41,7
1275,41,3
1394,41,3
1909,41,1
6192,41,3
5131,41,3
2437,41,6
0956,41,1
5414,41,4
9104,41,1
0821,41,1
7807,41,7
5757,41,4
9034,41,2
2680,41,1
8817,41,2
3146,41,3
6748,41,2
9448,41,2
8774,41,2
0775,41,3
2343,41,4
0777,41,5
1447,41,4
3263,41,3
8133,41,1
0078,41,1
9965,41,0
0823,41,1
3954,41,1
4918,41,3
5223,41,1
0654,41,5
7789,41,0
8455,41,3
0636,41,5
3737,41,4
2464,41,2
3177,41,0
2582,41,3
3508,41,3
3373,41,1
3200,41,0
7586,41,2
1627,41,2
0321,41,0
4313,41,2
9628,41,0
7975,41,4
1107,41,4
0159,41,0
7251,41,1
9561,41,3
9880,41,6
0094,41,0
8113,41,1
7616,41,3
6302,41,4
4411,41,4
0955,41,2
8353,41,3
9272,41,2
3309,41,5
5390,41,1
9918,41,6
9182,41,5
7490,41,2
1881,41,3
7096,41,1
0254,41,4
4379,41,1
8984,41,1
6722,41,3
4807,41,2
9518,41,1
9736,41,8
0446,41,4
2156,41,3
9010,41,1
7955,41,6
5955,41,1
3944,41,2
3604,41,2
5253,41,2
6039,41,1
3955,41,1
5375,41,3
2702,41,4
3749,41,5
7325,41,1
7562,41,2
8060,41,5
8963,41,5
2134,41,3
2779,41,2
6369,41,6
0769,41,2
4365,41,2
2331,41,2
3780,41,2
9914,41,4
9994,41,3
5546,41,3
5844,41,3
1801,41,2
2839,41,0
4789,41,1
6092,41,2
8439,41,4
4757,41,5
9962,41,3
8875,41,3
1942,41,4
9252,41,2
0732,41,1
5900,41,4
8418,41,2
4378,41,4
7991,41,5
7374,41,3
8128,41,5
1750,41,4
4703,41,2
6485,41,6
7588,41,2
9839,41,6
5486,41,1
8290,41,2
6193,41,5
5959,41,3
0343,41,3
9759,41,2
8335,41,0
4664,41,2
5788,41,3
0358,41,4
1831,41,6
4466,41,0
3267,41,5
9093,41,1
9318,41,1
0607,41,2
3966,41,1
4499,41,1
3388,41,3
4871,41,5
4159,41,4
2015,41,4
0938,41,4
4728,41,5
7087,41,4
8154,41,4
8573,41,4
1538,41,3
9808,41,1
6423,41,1
9493,41,3
9885,41,3
2996,41,3
2876,41,1
9441,41,4
9838,41,0
3235,41,3
7704,41,3
5512,41,4
4697,41,4
9267,41,2
4607,41,3
8366,41,4
0292,41,6
0928,41,2
4136,41,1
0239,41,2
6666,41,1
1170,41,2
9842,41,3
3613,41,1
4174,41,2
2368,41,2
7265,41,0
4811,41,2
8282,41,7
0390,41,4
0482,41,4
7388,41,1
5101,41,2
0807,41,4
2654,41,2
5009,41,2
8818,41,2
1564,41,5
2070,41,1
6248,41,7
6073,41,0
4694,41,2
4454,41,2
1187,41,2
3098,41,8
6292,41,2
0123,41,3
0713,41,4
6650,41,2
8687,41,2
9123,41,5
9135,41,2
0084,41,3
4084,41,0
7676,41,1
8695,41,3
8731,41,1
0533,41,7
2211,41,2
5208,41,3
9767,41,5
8267,41,4
9730,41,1
0643,41,1
1036,41,2
6552,41,6
5322,41,2
7724,41,1
8446,41,5
3083,41,2
1060,41,6
7194,41,2
9631,41,2
2312,41,1
0571,41,3
8385,41,3
3982,41,3
5034,41,2
2912,41,4
9661,41,2
8853,41,4
6229,41,5
3287,41,3
5521,41,1
2942,41,6
9073,41,2
2540,41,1
3422,41,4
0896,41,1
6486,41,3
2297,41,2
5919,41,2
8183,41,3
4077,41,0
1822,41,4
6157,41,6
0381,41,1
2650,41,5
8929,41,4
3883,41,1
4633,41,0
0722,41,2
3748,41,1
7681,41,3
9245,41,2
0557,41,5
1974,41,3
9489,41,2
3696,41,2
3622,41,3
8178,41,2
7094,41,2
3606,41,4
3712,41,3
8484,41,2
9990,41,0
8412,41,4
4668,41,4
1055,41,7
5086,41,3
3295,41,5
4140,41,1
4246,41,2
5460,41,2
0044,41,0
7222,41,0
7003,41,5
2571,41,3
6545,41,3
0213,41,1
2509,41,4
4647,41,0
0024,41,1
4968,41,2
7332,41,5
4964,41,3
5894,41,4
3244,41,2
8275,41,4
7456,41,1
2997,41,1
1799,41,2
3610,41,2
2028,41,1
2472,41,3
2769,41,3
2881,41,1
3620,41,2
4661,41,3
4253,41,4
2025,41,4
5467,41,2
5887,41,3
5332,41,1
3341,41,4
5623,41,3
7231,41,6
2874,41,0
5453,41,1
7583,41,1
0503,41,2
9854,41,3
1423,41,3
9202,41,3
6334,41,3
5739,41,2
9273,41,6
6835,41,5
1812,41,2
0058,41,4
3987,41,0
1945,41,0
0917,41,2
1650,41,3
0869,41,3
1491,41,3
9058,41,0
2501,41,1
4511,41,6
4605,41,1
4616,41,3
3822,41,1
7593,41,4
4386,41,5
7507,41,7
7553,41,2
0356,41,2
2495,41,3
1369,41,3
0415,41,5
5592,41,2
6002,41,5
9336,41,3
8059,41,3
0679,41,3
0610,41,2
1131,41,5
3534,41,2
5036,41,2
8160,41,3
1292,41,4
8997,41,4
0079,41,3
8392,41,3
8961,41,1
1720,41,4
7606,41,3
5568,41,4
6693,41,3
6845,41,2
4931,41,3
8755,41,6
8661,41,5
1676,41,2
6138,41,3
2901,41,0
0360,41,0
5669,41,3
6653,41,5
2061,41,2
9397,41,3
0111,41,2
6351,41,3
4610,41,0
4368,41,1
3254,41,6
3574,41,2
4043,41,1
2378,41,5
5653,41,4
6907,41,3
1142,41,2
2572,41,2
2083,41,1
5503,41,4
9741,41,2
7624,41,4
9770,41,4
3892,41,2
5313,41,2
0091,41,2
4284,41,1
2288,41,3
5298,41,2
3540,41,2
3755,41,2
7085,41,2
1140,41,1
1012,41,4
1090,41,3
4232,41,3
1056,41,1
1628,41,2
2157,41,1
6858,41,2
6599,41,8
2770,41,4
6019,41,1
5953,41,3
8031,41,4
4630,41,1
5230,41,2
4445,41,3
4363,41,1
1487,41,4
5423,41,2
1246,41,4
3625,41,3
6673,41,5
8461,41,3
2265,41,4
3557,41,2
9717,41,2
0280,41,5
0364,41,4
2891,41,1
3138,41,1
6713,41,2
7454,41,6
9656,41,3
9100,41,7
9393,41,1
8245,41,4
4251,41,2
9351,41,3
0063,41,2
0141,41,2
6511,41,5
7118,41,2
4936,41,2
3882,41,4
7288,41,5
9434,41,3
6244,41,1
3430,41,3
0939,41,2
7603,41,1
8148,41,0
1343,41,5
4129,41,3
1509,41,1
2993,41,2
1130,41,2
1072,41,0
3232,41,5
5255,41,2
8850,41,3
8950,41,5
9931,41,2
0377,41,0
0781,41,0
1200,41,1
1507,41,1
4474,41,2
5660,41,1
9498,41,0
4320,41,3
0177,41,1
9253,41,1
5125,41,2
7073,41,1
7093,41,3
7491,41,3
2402,41,3
6197,41,5
4809,41,3
5684,41,5
6908,41,2
6396,41,3
6692,41,1
4389,41,2
3950,41,5
6601,41,3
4265,41,0
6978,41,2
9891,41,4
8354,41,5
0218,41,2
8903,41,2
0987,41,2
0864,41,2
2829,41,5
2233,41,2
4439,41,3
6539,41,4
8793,41,1
1218,41,1
8278,41,2
1546,41,3
1042,41,4
2002,41,1
9698,41,2
2605,41,2
8341,41,4
5917,41,4
3673,41,6
7891,41,3
5587,41,2
8343,41,4
3148,42,1
9344,42,1
5750,42,2
3010,42,1
3806,42,2
1817,42,5
1730,42,2
8220,42,2
7980,42,4
2947,42,3
3725,42,5
0878,42,0
0945,42,1
4790,42,4
3264,42,4
3179,42,3
9359,42,4
4676,42,2
5133,42,6
9979,42,2
3360,42,3
1332,42,3
0012,42,4
4425,42,1
6897,42,4
9895,42,2
1243,42,3
2274,42,4
4459,42,5
3081,42,1
2436,42,2
0639,42,3
4629,42,6
4372,42,1
2662,42,1
3898,42,2
0237,42,4
3167,42,3
7873,42,2
9575,42,3
4082,42,2
8367,42,3
3300,42,5
7862,42,4
5804,42,4
9112,42,2
9384,42,0
9282,42,2
7473,42,0
5179,42,3
0383,42,5
3222,42,5
7692,42,5
3064,42,5
5952,42,1
0149,42,6
0673,42,4
3375,42,2
9302,42,3
2542,42,2
8883,42,7
7273,42,2
5056,42,2
4134,42,3
1451,42,1
9726,42,5
4014,42,2
3128,42,2
9516,42,1
2681,42,4
6972,42,1
8451,42,3
1481,42,5
8995,42,2
0462,42,6
3799,42,5
8841,42,3
3451,42,3
8560,42,2
6067,42,5
1581,42,2
0542,42,3
9732,42,2
5039,42,5
0025,42,5
0435,42,3
2037,42,4
0684,42,5
4036,42,3
3215,42,5
0767,42,2
7570,42,3
5800,42,6
2861,42,4
6455,42,6
8192,42,2
5558,42,2
4695,42,6
8433,42,6
7614,42,4
3124,42,5
3503,42,3
7766,42,2
7268,42,4
3763,42,1
7754,42,0
7448,42,4
3439,42,4
0605,42,5
1610,42,3
9502,42,5
9324,42,6
7892,42,4
5442,42,4
5658,42,4
6307,42,3
7487,42,5
1127,42,5
3368,42,2
4631,42,1
3410,42,1
9586,42,2
9896,42,4
9568,42,1
8054,42,5
7168,42,2
5541,42,3
7177,42,3
9987,42,1
6956,42,2
3834,42,2
5837,42,1
3902,42,3
5909,42,2
2018,42,2
9859,42,4
1018,42,2
8462,42,0
7441,42,6
1924,42,0
6393,42,1
4670,42,5
4822,42,6
1323,42,3
8357,42,5
7618,42,1
4338,42,3
0124,42,2
1624,42,2
1120,42,2
8739,42,3
8923,42,5
8592,42,4
2024,42,3
3336,42,3
0128,42,4
0424,42,3
9815,42,8
6701,42,1
4872,42,4
8373,42,3
0593,42,4
1309,42,5
0780,42,2
3576,42,3
9339,42,2
5748,42,9
4523,42,4
4361,42,5
4095,42,4
1774,42,4
6059,42,4
1313,42,3
6544,42,2
2351,42,2
4595,42,2
9778,42,1
9756,42,2
9567,42,3
3484,42,3
0145,42,4
1872,42,4
5784,42,5
2627,42,2
8258,42,3
2449,42,2
1154,42,5
1672,42,3
3958,42,6
5540,42,3
9635,42,6
2929,42,1
2725,42,4
0681,42,4
5134,42,7
9029,42,8
7058,42,3
7081,42,3
6391,42,2
9210,42,1
6508,42,1
4764,42,2
0530,42,3
5107,42,3
4169,42,7
4567,42,1
3419,42,4
1119,42,5
9260,42,4
6268,42,2
2017,42,3
4493,42,5
0479,42,1
7387,42,3
2385,42,1
3011,42,2
3261,42,3
6682,42,4
3764,42,6
4939,42,2
1798,42,1
8900,42,3
4924,42,3
4923,42,6
2364,42,1
5771,42,2
3110,42,2
9237,42,2
9510,42,1
0301,42,3
2607,42,3
5003,42,1
8834,42,2
8272,42,1
3127,42,3
3252,42,3
2731,42,2
2465,42,0
9078,42,3
9060,42,5
7432,42,1
9735,42,2
4054,42,6
0045,42,1
3655,42,3
0037,42,3
6123,42,0
7306,42,4
6148,42,3
6970,42,1
0694,42,3
6320,42,1
4816,42,3
5992,42,1
9875,42,5
4396,42,0
3186,42,2
8500,42,3
2625,42,3
4739,42,7
2383,42,5
6049,42,1
8041,42,4
3528,42,1
5146,42,3
8571,42,3
7913,42,1
6104,42,4
5166,42,5
7951,42,1
1349,42,7
7605,42,1
0039,42,1
9216,42,6
9972,42,4
0341,42,2
8464,42,1
3154,42,3
0604,42,5
8877,42,2
2417,42,9
4945,42,5
4848,42,3
4804,42,3
4255,42,6
8328,42,3
7418,42,4
9702,42,4
9849,42,4
6888,42,4
5848,42,4
2150,42,2
3922,42,4
4237,42,2
4712,42,1
4652,42,5
4513,42,1
7739,42,1
4913,42,3
3709,42,4
6611,42,5
3459,42,5
1820,42,7
3931,42,2
3754,42,3
2175,42,3
1827,42,6
6799,42,3
0809,42,2
7309,42,2
4404,42,2
2795,42,6
2543,42,2
1969,42,3
7110,42,3
8733,42,5
8263,42,2
4096,42,4
9512,42,5
8046,42,6
7147,42,5
1009,42,2
9304,42,1
0772,42,2
5416,42,4
0617,42,3
8581,42,4
8458,42,2
6331,42,4
3362,42,4
7539,42,1
7355,42,2
1460,42,6
3447,42,4
6299,42,3
0949,42,2
0872,42,3
5184,42,3
1781,42,4
6431,42,3
8669,42,3
6139,42,2
2421,42,6
1539,42,1
3067,42,5
3337,42,1
7161,42,4
4196,42,3
5911,42,4
5084,42,4
4933,42,1
6118,42,4
1599,42,3
1103,42,1
1184,42,2
2700,42,2
7907,42,5
9187,42,5
7578,42,3
0967,42,0
0923,42,3
3910,42,3
4047,42,4
7847,42,3
2415,42,3
0983,42,0
9627,42,4
0099,42,5
6620,42,4
4521,42,4
7927,42,5
6617,42,4
7556,42,3
9009,42,1
8719,42,2
1031,42,1
4821,42,1
3564,42,1
6659,42,4
1958,42,4
0630,42,3
4465,42,4
2696,42,2
2709,42,2
0517,42,3
8631,42,2
7329,42,2
9682,42,2
9764,42,3
3948,42,1
8623,42,1
9496,42,2
2832,42,5
6936,42,2
0531,42,2
4983,42,3
2998,42,1
6623,42,1
2361,42,5
7213,42,1
6371,42,0
0952,42,4
7685,42,1
4881,42,1
5789,42,3
9680,42,3
5282,42,0
2194,42,1
8080,42,1
9167,42,3
1673,42,6
1360,42,1
0307,42,3
1860,42,4
8383,42,5
7392,42,3
0003,42,0
6382,42,1
4483,42,3
1508,42,3
5094,42,1
7348,42,1
6749,42,1
4236,42,3
0207,42,3
2210,42,1
6484,42,2
7452,42,1
5734,42,6
0672,42,2
3626,42,3
9297,42,2
9322,42,2
6175,42,2
9169,42,2
7635,42,4
9776,42,3
0475,42,2
7622,42,2
7446,42,2
0539,42,3
3742,42,6
9189,42,2
6598,42,4
1802,42,2
1721,42,4
8110,42,3
2527,42,2
3405,42,5
3307,42,2
3369,42,3
9044,42,6
8783,42,1
8892,42,3
7858,42,1
5109,42,2
4199,42,4
0409,42,5
3488,42,1
1317,42,1
0918,42,1
9255,42,3
1017,42,2
3037,42,6
8882,42,3
3133,42,2
2398,42,0
7760,42,1
4823,42,5
9171,42,3
5373,42,5
7587,42,3
5768,42,3
8825,42,1
2664,42,1
4840,42,2
9997,42,5
2444,42,2
1177,42,5
7964,42,5
6912,42,1
6881,42,2
5155,42,2
4181,42,6
5589,42,2
1794,42,2
5828,42,1
5070,42,3
7413,42,3
2954,42,8
6657,42,3
4498,42,2
2400,42,3
7308,42,1
5042,42,3
0493,42,2
4083,42,3
3401,42,3
2762,42,5
3454,42,3
2889,42,5
3277,42,4
1882,42,2
5148,42,4
8204,42,2
0480,42,1
9164,42,3
4520,42,4
4467,42,2
8680,42,3
7884,42,1
3973,42,1
2270,42,4
6082,42,4
8386,42,2
4949,42,2
8763,42,2
4577,42,4
8899,42,4
1586,42,4
1061,42,3
4834,42,3
5235,42,4
0055,42,5
1844,42,4
1383,42,3
1293,42,2
0824,42,2
0250,42,2
9534,42,1
0382,42,1
8861,42,3
7128,42,3
3904,42,4
5565,42,2
4333,42,4
3490,42,4
8476,42,1
8189,42,4
6253,42,5
1124,42,5
5941,42,4
8968,42,4
6155,42,5
0357,42,2
2580,42,4
1260,42,2
8913,42,1
5690,42,6
5571,42,3
1956,42,6
5928,42,2
0518,42,7
0110,42,1
3318,42,3
6802,42,4
4943,42,3
9012,42,4
4231,42,3
5880,42,3
9074,42,1
8506,42,1
8093,42,1
8280,42,3
2031,42,4
6716,42,3
9140,42,6
2129,42,1
1235,42,5
1864,42,4
3323,43,1
6102,43,4
1982,43,4
6542,43,3
2158,43,2
6141,43,1
2660,43,6
6880,43,0
3404,43,4
3196,43,2
5846,43,1
5864,43,0
7283,43,6
8491,43,6
6781,43,5
6014,43,3
5175,43,7
1418,43,0
3555,43,5
7330,43,4
3274,43,4
6614,43,0
3907,43,1
0523,43,2
0572,43,3
8308,43,1
3065,43,4
3380,43,3
2546,43,3
6883,43,3
1498,43,2
4487,43,4
1194,43,5
0622,43,3
6960,43,2
7506,43,2
7421,43,1
3832,43,2
3798,43,3
7773,43,1
3663,43,2
1024,43,1
3800,43,6
3616,43,3
3205,43,4
1553,43,5
1565,43,6
6032,43,3
8942,43,1
6036,43,7
9146,43,4
1444,43,1
0506,43,0
9170,43,5
3409,43,2
5934,43,4
4070,43,2
0750,43,1
4982,43,3
3238,43,3
3545,43,0
8187,43,1
6407,43,2
9316,43,4
9201,43,3
5095,43,8
3552,43,3
8218,43,1
5806,43,4
5450,43,2
3461,43,2
8331,43,5
5522,43,2
8557,43,4
4085,43,7
0946,43,2
4642,43,0
7111,43,1
6981,43,5
4267,43,3
0059,43,3
6766,43,5
0461,43,5
6414,43,2
3609,43,5
9177,43,2
7877,43,2
4497,43,0
5694,43,5
4392,43,4
1543,43,4
1268,43,3
0067,43,2
4048,43,3
0001,43,7
8611,43,2
8445,43,3
6592,43,2
4097,43,2
1324,43,4
1051,43,1
3211,43,3
0416,43,4
2198,43,4
6643,43,3
6207,43,1
5914,43,2
8919,43,2
3808,43,4
8219,43,4
5545,43,4
0627,43,2
9025,43,2
6216,43,1
7100,43,1
5957,43,3
3778,43,1
3031,43,1
2924,43,1
2879,43,3
0817,43,2
0626,43,2
0165,43,0
7403,43,5
3398,43,5
8516,43,3
0121,43,2
5444,43,7
4035,43,4
4015,43,2
2750,43,1
2562,43,2
5753,43,3
5212,43,5
5087,43,3
5065,43,2
0152,43,1
6174,43,3
1123,43,3
3878,43,3
8493,43,1
2831,43,6
0922,43,1
3026,43,4
6212,43,4
2077,43,2
0856,43,3
9419,43,6
0853,43,5
5112,43,4
7238,43,3
8643,43,3
2228,43,1
5489,43,5
0160,43,3
7658,43,2
1462,43,7
5445,43,4
5362,43,3
5190,43,5
2326,43,2
4151,43,2
1353,43,5
5947,43,3
9844,43,3
0266,43,1
2316,43,2
0835,43,2
9288,43,5
6909,43,1
2448,43,1
2697,43,3
2112,43,4
9227,43,3
7659,43,3
1842,43,3
4715,43,1
8666,43,2
0609,43,5
5347,43,2
8670,43,3
1894,43,4
6889,43,1
8656,43,2
1377,43,2
5720,43,2
0219,43,5
3844,43,3
5356,43,4
4969,43,2
0191,43,1
4110,43,3
4078,43,4
5168,43,3
5667,43,4
4724,43,6
2334,43,2
7965,43,1
9072,43,4
6816,43,2
0633,43,4
0895,43,4
7978,43,3
8241,43,2
2896,43,3
1390,43,2
9224,43,2
8836,43,3
3533,43,5
3983,43,2
9897,43,3
5557,43,0
1374,43,2
5820,43,4
5431,43,4
6501,43,5
2573,43,7
6013,43,4
0005,43,2
9737,43,6
8998,43,1
8744,43,4
3480,43,2
8076,43,4
4506,43,3
5057,43,3
3617,43,2
1439,43,6
0985,43,3
9247,43,2
6887,43,2
2531,43,3
2180,43,4
2661,43,1
3297,43,3
6226,43,0
0852,43,3
6035,43,2
7569,43,3
9268,43,5
6166,43,7
7401,43,4
5060,43,0
9964,43,6
4932,43,2
5171,43,3
6436,43,4
7523,43,2
3903,43,1
7404,43,6
2965,43,1
2217,43,6
6231,43,3
9406,43,2
3885,43,1
8663,43,2
7133,43,3
6004,43,0
5081,43,3
7158,43,2
6444,43,4
1911,43,2
9014,43,3
7548,43,1
4397,43,2
8361,43,1
8116,43,3
6443,43,3
7589,43,3
7192,43,1
5889,43,1
8648,43,2
1689,43,3
4515,43,2
4138,43,2
5974,43,3
5090,43,2
4581,43,2
7973,43,4
2185,43,2
4488,43,3
2256,43,1
1656,43,2
6872,43,4
6823,43,2
3462,43,2
3062,43,2
8770,43,2
2614,43,3
4892,43,0
5530,43,2
6214,43,1
0889,43,1
9617,43,3
9491,43,3
6743,43,6
4394,43,4
0366,43,3
6862,43,1
9357,43,1
0163,43,3
6062,43,3
6279,43,0
1411,43,1
0950,43,5
9192,43,3
4742,43,6
1943,43,4
6015,43,3
5015,43,2
1081,43,2
3615,43,2
7041,43,6
5978,43,4
0114,43,2
0926,43,3
8529,43,3
3143,43,6
6366,43,3
2004,43,3
1616,43,4
7750,43,3
6809,43,2
5185,43,3
4044,43,2
3223,43,3
8499,43,1
2920,43,2
1528,43,3
3642,43,3
9560,43,3
2800,43,0
0941,43,3
9197,43,3
7851,43,2
0106,43,4
2445,43,1
9312,43,3
3927,43,2
6548,43,4
2381,43,3
7882,43,1
9133,43,4
6457,43,3
5803,43,2
9208,43,5
8622,43,3
6896,43,2
8292,43,1
1385,43,5
8886,43,4
5966,43,4
1356,43,5
9423,43,5
2768,43,3
3020,43,2
1299,43,2
1182,43,1
5822,43,4
5234,43,1
1947,43,3
1755,43,3
9089,43,8
0827,43,3
9412,43,2
3874,43,2
1584,43,2
6942,43,1
4286,43,2
3908,43,4
1772,43,3
2481,43,3
1890,43,3
7228,43,2
9196,43,3
9259,43,6
3611,43,3
2608,43,1
0904,43,3
0736,43,1
4611,43,6
1277,43,4
5232,43,3
7591,43,2
5240,43,7
3507,43,1
6712,43,5
6503,43,10
0667,43,3
4586,43,4
2651,43,4
4979,43,0
7412,43,1
7082,43,4
5076,43,2
6400,43,4
9059,43,1
6429,43,4
5796,43,2
3994,43,2
9330,43,2
3195,43,3
8869,43,3
7861,43,2
7178,43,2
8434,43,2
0898,43,1
9286,43,0
6492,43,5
9841,43,4
2500,43,2
4197,43,3
2453,43,0
8355,43,7
7608,43,1
2821,43,3
9101,43,0
9852,43,3
6758,43,4
9832,43,3
8807,43,1
5742,43,6
1832,43,3
8741,43,1
4559,43,1
9515,43,5
8578,43,2
5494,43,5
1891,43,4
3012,43,1
4700,43,3
2637,43,2
2550,43,3
6760,43,3
5899,43,3
8969,43,3
8710,43,0
8195,43,5
1202,43,2
3466,43,3
1144,43,5
0064,43,0
2036,43,1
6479,43,5
4195,43,5
9081,43,2
8380,43,2
4897,43,4
6902,43,3
1456,43,1
9048,43,4
7458,43,3
9018,43,1
4854,43,2
2841,43,4
7875,43,3
7804,43,3
8065,43,6
5064,43,3
5247,43,5
1160,43,5
8474,43,5
5183,43,5
9938,43,3
3886,43,3
3427,43,4
1214,43,3
0515,43,2
7444,43,3
6357,43,4
2475,43,3
5520,43,4
4204,43,1
0293,43,5
1109,43,4
8962,43,3
8704,43,3
5359,43,5
6724,43,3
5406,43,2
4806,43,4
8712,43,5
2668,43,2
0535,43,4
2282,43,5
9492,43,3
2567,43,4
2338,43,4
1918,43,7
4762,43,6
1681,43,7
9325,43,6
6825,43,4
5203,43,7
3043,43,4
6071,43,3
4985,43,2
4815,43,1
0233,43,2
4142,43,2
6980,43,5
4347,43,1
6570,43,4
7465,43,3
7492,43,5
8159,43,0
2979,43,5
4654,43,3
0968,43,3
9450,43,3
8488,43,3
9984,43,3
1376,43,1
4546,43,5
3630,43,5
2440,43,4
9912,43,0
5476,43,2
5333,43,4
1247,43,2
3231,43,4
9347,43,3
8253,43,5
9525,43,1
9464,43,4
0430,43,3
8937,43,5
2724,43,2
2720,43,2
4252,43,6
2851,43,1
2859,43,3
0318,43,7
3502,43,2
2132,43,3
7059,43,5
8724,43,2
9457,43,1
1010,43,2
1342,43,2
1877,43,0
2817,43,4
5108,43,5
4528,44,2
7032,44,2
8711,44,4
1736,44,2
4160,44,3
3114,44,2
4574,44,6
4894,44,1
3658,44,2
7745,44,5
7825,44,2
3365,44,2
7576,44,4
7675,44,2
7663,44,3
8062,44,6
9088,44,2
5091,44,4
7908,44,1
0077,44,3
0463,44,3
0331,44,3
3463,44,2
0396,44,2
2522,44,4
4216,44,4
5204,44,2
8891,44,1
5715,44,6
5950,44,3
0916,44,4
3597,44,4
4119,44,4
2988,44,2
5851,44,8
5882,44,3
1086,44,4
3256,44,4
2243,44,6
2320,44,2
9163,44,2
7196,44,4
7302,44,4
2267,44,3
2350,44,5
8959,44,5
7983,44,5
8137,44,5
3733,44,3
9913,44,5
6209,44,2
7956,44,1
3279,44,5
4473,44,0
4926,44,2
9948,44,3
8144,44,2
6335,44,5
4744,44,5
0924,44,6
7984,44,4
7336,44,3
5189,44,4
5178,44,2
9688,44,1
7254,44,2
7939,44,2
8843,44,4
5482,44,1
6721,44,1
1470,44,3
5586,44,5
9503,44,1
2630,44,3
4088,44,2
1848,44,6
2827,44,5
2314,44,1
4291,44,3
2865,44,5
3476,44,6
0116,44,2
1373,44,4
6574,44,2
5273,44,6
4888,44,5
8725,44,2
5014,44,3
7864,44,2
3695,44,6
6281,44,5
0599,44,1
2060,44,3
3862,44,2
4247,44,2
0625,44,1
1416,44,5
5044,44,4
5566,44,3
5860,44,2
5817,44,2
3814,44,3
7384,44,1
7817,44,3
0144,44,3
0054,44,3
5871,44,1
0511,44,2
5905,44,2
8827,44,3
9256,44,3
1296,44,4
3612,44,3
1699,44,2
9350,44,1
0761,44,7
4170,44,3
8483,44,2
7179,44,3
0407,44,2
9807,44,0
5225,44,2
8109,44,1
4289,44,4
6007,44,4
7480,44,4
8300,44,3
2441,44,0
5348,44,3
8681,44,1
9366,44,6
9203,44,2
9834,44,0
1925,44,2
4598,44,7
6921,44,1
5436,44,2
7449,44,3
9446,44,5
5681,44,2
7012,44,3
7052,44,2
6403,44,4
7752,44,2
9041,44,3
2551,44,2
1723,44,2
4632,44,2
4825,44,3
1811,44,4
0840,44,3
5259,44,1
5006,44,2
9497,44,2
4862,44,1
7242,44,6
4009,44,4
3194,44,4
3579,44,5
9976,44,2
5378,44,3
9623,44,3
7835,44,2
8862,44,2
1265,44,5
1105,44,3
0596,44,3
9120,44,2
9383,44,3
2360,44,4
8568,44,7
5031,44,3
0693,44,4
1392,44,3
6640,44,1
5550,44,3
2264,44,3
4468,44,1
5051,44,2
3141,44,2
7749,44,2
3059,44,1
2149,44,5
3504,44,2
8953,44,6
4120,44,2
7734,44,2
7686,44,3
0238,44,3
5162,44,3
0184,44,1
6266,44,2
5238,44,7
6081,44,3
9494,44,1
0175,44,2
6976,44,2
2071,44,2
2221,44,2
6256,44,3
0346,44,3
6943,44,3
7744,44,0
1667,44,7
7483,44,7
6854,44,3
3150,44,4
6717,44,4
4376,44,2
0766,44,7
9573,44,1
1149,44,3
1649,44,2
2814,44,7
0496,44,4
7433,44,2
2520,44,4
1532,44,6
1102,44,1
6353,44,7
1213,44,2
2413,44,1
5999,44,6
2161,44,4
7783,44,5
7626,44,3
3445,44,3
0196,44,0
7780,44,2
0417,44,3
9222,44,1
7887,44,5
0315,44,4
0635,44,3
3813,44,5
9096,44,4
3565,44,0
4955,44,5
1257,44,4
6017,44,4
8270,44,5
4349,44,4
4229,44,4
2565,44,2
8932,44,5
5762,44,5
2525,44,2
2840,44,2
8652,44,6
5397,44,3
7393,44,1
3940,44,3
4377,44,1
5177,44,1
9970,44,4
2921,44,2
6855,44,7
7341,44,1
5896,44,5
9555,44,3
9695,44,2
7307,44,1
1044,44,4
1651,44,5
1660,44,2
2049,44,2
3168,44,5
4115,44,3
5219,44,4
3897,44,3
4358,44,4
9609,44,2
2952,44,2
2871,44,3
6922,44,3
4572,44,5
1457,44,6
3957,44,3
7406,44,3
8000,44,1
6839,44,5
6445,44,1
0378,44,3
8114,44,3
3984,44,5
4995,44,4
4997,44,3
4098,44,2
5585,44,1
5674,44,0
6731,44,2
9327,44,4
3344,44,3
7249,44,1
8692,44,3
0373,44,2
0241,44,3
7942,44,6
4534,44,5
6661,44,2
5859,44,3
6439,44,7
7258,44,2
9396,44,3
0421,44,3
4050,44,2
5710,44,3
4280,44,3
7782,44,3
3608,44,3
4800,44,6
2781,44,2
3559,44,4
4756,44,0
0552,44,6
9888,44,4
5634,44,2
1290,44,1
0263,44,5
3805,44,2
4072,44,1
4743,44,4
6856,44,3
9482,44,6
5991,44,3
4156,44,3
8022,44,3
8721,44,1
8748,44,4
8138,44,2
8544,44,4
0209,44,1
5459,44,3
6045,44,5
8828,44,3
1474,44,2
1887,44,2
2177,44,5
3009,44,5
8096,44,4
9218,44,2
2072,44,2
3483,44,3
4308,44,4
2992,44,2
1091,44,2
8309,44,4
9933,44,2
5355,44,3
6505,44,3
3516,44,4
5516,44,1
7068,44,1
9214,44,4
9299,44,3
6933,44,2
2295,44,1
4942,44,2
2323,44,1
9487,44,1
6512,44,4
9031,44,6
5249,44,2
4254,44,3
7860,44,4
4194,44,4
8914,44,2
2690,44,4
5116,44,3
7144,44,4
1578,44,3
9847,44,5
2647,44,3
4114,44,0
6121,44,6
6375,44,2
5046,44,5
9788,44,4
9674,44,3
9694,44,2
8791,44,1
1096,44,2
2253,44,2
7365,44,1
6167,44,2
0978,44,5
3804,44,3
8540,44,2
2313,44,3
0350,44,1
4213,44,5
4878,44,1
9408,44,2
9644,44,2
2170,44,2
7848,44,1
2403,44,4
2121,44,2
6531,44,3
3494,44,6
3007,44,4
4328,44,0
6947,44,0
3181,44,2
0095,44,3
1073,44,2
4242,44,1
9183,44,2
2561,44,3
4990,44,3
8973,44,6
9985,44,1
6456,44,3
8565,44,7
7644,44,5
8030,44,5
0825,44,4
6937,44,1
8618,44,4
2796,44,0
7718,44,4
6345,44,3
2268,44,9
6169,44,2
8751,44,1
7666,44,2
7476,44,0
5327,44,2
5971,44,3
4367,44,2
2223,44,1
2698,44,7
4143,44,4
2151,44,3
1111,44,5
9143,44,3
7535,44,3
6201,44,3
1262,44,2
8402,44,3
9390,44,5
7226,44,3
2013,44,5
3682,44,1
7095,44,2
4259,44,2
3583,44,2
2962,44,4
4264,44,2
4453,44,2
5987,44,3
8956,44,5
0026,44,2
5124,44,4
1767,44,3
2943,44,4
7291,44,3
0887,44,3
3825,44,3
0893,44,3
4111,44,0
9739,44,9
7274,44,1
2073,44,4
2476,44,4
0259,44,4
5252,44,5
1810,44,5
9719,44,2
6698,44,4
7751,44,2
3423,44,3
8558,44,5
2812,44,2
1534,44,7
4076,44,4
3354,44,2
2202,44,2
7284,44,3
8511,44,2
0289,44,3
0302,44,5
5364,44,4
6416,44,3
6528,44,3
0583,44,4
2333,44,5
6547,44,5
2743,44,5
4552,44,3
4683,44,5
4971,44,5
1158,44,3
6567,44,2
5164,44,5
4158,44,2
8629,44,3
0013,44,5
8691,44,2
4535,44,3
2882,44,2
8906,44,2
1450,44,2
9899,44,2
8553,44,2
9023,44,1
5093,44,0
3088,44,1
3554,44,5
0008,44,4
1917,44,4
0564,44,2
5988,44,3
6697,44,1
9809,45,3
8614,45,5
5689,45,4
5485,45,0
4589,45,3
3063,45,2
0120,45,1
6527,45,4
3939,45,5
0559,45,4
5651,45,1
3596,45,3
7107,45,2
1446,45,3
0206,45,2
6189,45,5
4841,45,4
6826,45,2
7477,45,2
8871,45,5
7568,45,3
9907,45,4
9063,45,2
4601,45,3
9712,45,4
6195,45,2
9289,45,2
9584,45,2
9883,45,1
1828,45,2
6181,45,0
1045,45,3
9015,45,0
3303,45,2
3433,45,1
8599,45,3
2736,45,4
2459,45,4
6343,45,4
2866,45,0
2425,45,6
2537,45,4
2505,45,4
0805,45,1
0368,45,3
4068,45,6
2125,45,7
7409,45,4
9670,45,3
9283,45,5
8345,45,5
3175,45,5
3000,45,6
1424,45,5
6360,45,1
1697,45,6
8378,45,1
5080,45,3
8420,45,2
5210,45,4
8612,45,3
0076,45,3
1878,45,1
3776,45,3
8509,45,2
9319,45,0
8410,45,4
0529,45,2
5153,45,5
2373,45,5
6234,45,3
3266,45,4
6172,45,3
0056,45,2
2541,45,5
6128,45,3
6131,45,2
7812,45,6
1006,45,3
2766,45,1
2623,45,4
6480,45,2
3521,45,1
2252,45,0
2043,45,1
7713,45,6
0554,45,2
5297,45,2
6714,45,4
4833,45,8
3436,45,4
5470,45,1
4960,45,7
1484,45,3
7655,45,7
8980,45,3
7230,45,0
3512,45,2
2558,45,1
5564,45,3
3056,45,2
6517,45,5
0308,45,3
2261,45,1
1620,45,5
8528,45,1
5484,45,1
0283,45,3
6798,45,4
8556,45,6
7345,45,3
3677,45,5
6641,45,7
8976,45,6
3171,45,2
4919,45,3
3313,45,8
1314,45,2
9217,45,2
1560,45,6
9109,45,5
4989,45,4
3537,45,6
6891,45,5
6840,45,1
5946,45,4
6311,45,5
8638,45,3
5810,45,0
7933,45,2
5222,45,2
1466,45,5
7880,45,2
1529,45,3
5400,45,0
7896,45,9
3395,45,5
4479,45,4
1034,45,3
6961,45,1
0404,45,3
2898,45,6
2895,45,2
2087,45,5
2067,45,5
9963,45,5
1325,45,1
9819,45,5
3590,45,0
3302,45,7
9077,45,2
7524,45,7
0070,45,2
5311,45,4
6125,45,3
5103,45,1
4212,45,2
9036,45,5
0592,45,4
7917,45,5
2218,45,1
9874,45,3
0136,45,6
8863,45,4
7717,45,2
7643,45,2
7632,45,2
9276,45,1
8388,45,6
9812,45,4
7425,45,2
0970,45,4
8421,45,4
7078,45,3
2191,45,4
6050,45,6
4139,45,4
4053,45,6
0942,45,1
8036,45,7
5856,45,4
2749,45,3
7402,45,2
9168,45,5
2815,45,4
0288,45,4
4569,45,4
1126,45,2
9119,45,2
9652,45,1
2969,45,3
9043,45,6
2470,45,1
1413,45,4
9946,45,4
0303,45,3
9522,45,4
8329,45,2
7695,45,5
0712,45,3
9923,45,1
9761,45,2
9386,45,2
4604,45,4
7122,45,0
4802,45,2
0600,45,5
9445,45,2
4828,45,3
4310,45,4
2119,45,3
7086,45,6
3915,45,3
2009,45,5
3371,45,4
5906,45,4
5746,45,0
4101,45,5
3413,45,5
2006,45,5
7810,45,3
6196,45,3
4627,45,2
3820,45,3
6946,45,1
5104,45,1
7690,45,4
9221,45,3
6629,45,4
8049,45,2
4524,45,2
6115,45,4
3935,45,4
2584,45,2
7757,45,7
4201,45,5
2974,45,5
4554,45,3
9723,45,3
9242,45,2
2491,45,2
8480,45,3
6377,45,7
6365,45,7
7753,45,1
3723,45,4
4967,45,1
2645,45,2
9116,45,4
8894,45,2
5627,45,2
8304,45,6
5287,45,3
1070,45,6
9046,45,5
7295,45,2
7784,45,0
7646,45,4
4591,45,3
1580,45,1
8399,45,3
3498,45,3
4646,45,1
4227,45,3
1412,45,3
7950,45,6
5921,45,2
2371,45,2
9882,45,3
4819,45,5
0197,45,7
1234,45,2
1823,45,2
2104,45,5
9430,45,4
9301,45,2
6385,45,2
8199,45,1
7865,45,4
5454,45,1
0551,45,2
0355,45,3
3923,45,4
3259,45,1
2154,45,3
6308,45,1
6006,45,4
8798,45,7
2598,45,7
2137,45,4
8992,45,3
5421,45,4
2397,45,2
2138,45,2
0465,45,6
7707,45,1
3756,45,4
6083,45,3
9577,45,0
2843,45,1
6636,45,2
6558,45,5
0139,45,2
3967,45,2
5098,45,2
4390,45,5
1459,45,1
5615,45,0
8628,45,0
8235,45,3
8157,45,2
5343,45,5
4976,45,2
3841,45,4
2229,45,5
9526,45,4
8563,45,5
8732,45,3
6521,45,1
5241,45,7
9076,45,1
7316,45,0
7208,45,2
8761,45,1
2117,45,3
3997,45,8
8129,45,4
5446,45,6
6709,45,7
6792,45,5
7855,45,3
1926,45,0
3363,45,4
7989,45,6
2911,45,4
9514,45,4
3284,45,2
0031,45,4
6490,45,5
5381,45,5
3628,45,5
3325,45,4
0912,45,1
1533,45,5
4965,45,3
2836,45,2
9264,45,4
4000,45,2
4316,45,6
2560,45,3
5371,45,3
5054,45,1
2199,45,3
7850,45,3
7362,45,3
3333,45,4
8926,45,6
2325,45,4
8502,45,1
4839,45,2
3901,45,4
0348,45,3
7602,45,1
2502,45,2
4149,45,4
6944,45,3
8087,45,6
4164,45,4
8613,45,2
1630,45,4
8273,45,3
0232,45,1
0412,45,3
1284,45,2
7653,45,3
0413,45,2
2510,45,6
2631,45,3
1550,45,4
4987,45,3
1617,45,3
3849,45,3
6616,45,3
8115,45,2
4489,45,5
3929,45,2
2914,45,4
9765,45,6
9613,45,2
0937,45,2
7340,45,1
7064,45,4
7182,45,2
1718,45,3
4008,45,6
2984,45,4
0837,45,3
3293,45,0
4561,45,3
4033,45,3
9124,45,0
7620,45,5
1835,45,6
0685,45,6
3424,45,4
6662,45,3
0901,45,2
4745,45,2
6250,45,3
8197,45,3
2019,45,1
6596,45,3
9773,45,2
2245,45,3
5078,45,2
8749,45,6
2483,45,4
5962,45,3
6303,45,5
6033,45,2
4518,45,2
3547,45,8
3417,45,1
5198,45,8
9663,45,6
3802,45,2
8935,45,3
5656,45,4
3364,45,2
1769,45,5
1242,45,4
9662,45,3
8289,45,3
3361,45,1
6368,45,3
3591,45,3
3260,45,4
8083,45,2
4864,45,3
8562,45,4
1552,45,3
0320,45,4
9360,45,1
5560,45,4
5382,45,4
4322,45,3
9369,45,3
9234,45,5
1603,45,4
1959,45,5
3414,45,2
0220,45,0
9828,45,2
2014,45,4
7366,45,2
0498,45,4
9879,45,2
9285,45,0
0663,45,4
0547,45,3
4112,45,4
8808,45,1
0497,45,2
1590,45,2
4512,45,7
8463,45,1
5293,45,2
0936,45,1
6441,45,3
6221,45,1
2384,45,4
4413,45,1
6070,45,3
9047,45,4
7870,45,6
6336,45,6
9884,45,7
3027,45,2
4271,45,2
6211,45,2
1873,45,4
1097,45,5
1916,45,4
0855,45,3
8586,45,2
7287,45,2
7214,45,5
0193,45,3
9804,45,6
3870,45,6
3850,45,3
1948,45,2
9529,45,3
2703,45,2
5335,45,5
9830,45,3
4766,45,4
2663,45,1
7184,45,5
6507,45,0
2488,45,3
7200,45,3
9006,45,1
4371,45,5
4290,45,3
5130,45,3
2148,45,3
9346,45,4
2391,45,1
4426,45,3
1256,45,2
5213,45,8
2892,45,3
7377,45,1
9233,45,4
6213,45,2
2372,45,2
7339,45,2
6326,45,5
1143,45,4
3151,45,5
0150,45,5
5815,45,2
8635,45,6
9438,45,0
2324,45,4
2545,45,5
4239,45,5
1826,45,2
0278,45,2
0674,45,2
5643,45,0
0227,45,7
4215,45,2
6305,45,3
2101,45,3
6099,46,3
2348,46,5
6474,46,4
4706,46,2
0691,46,1
8619,46,4
9566,46,1
8716,46,3
0703,46,3
2048,46,0
3669,46,1
2801,46,4
2616,46,2
9235,46,1
3442,46,2
4306,46,9
9373,46,2
2498,46,2
6041,46,2
3355,46,5
8583,46,3
6859,46,5
2518,46,4
5279,46,4
6306,46,2
5805,46,4
9477,46,1
0847,46,5
2276,46,4
8996,46,5
4677,46,5
2746,46,3
1659,46,3
3472,46,4
5663,46,5
5967,46,2
0394,46,5
8922,46,5
6624,46,2
9981,46,2
3786,46,6
0965,46,2
1303,46,3
9097,46,3
8301,46,4
0223,46,5
1437,46,2
2972,46,5
3389,46,2
6342,46,0
9321,46,2
2114,46,5
2576,46,4
3190,46,4
4915,46,0
3432,46,3
2184,46,2
6136,46,3
6794,46,2
8627,46,3
9596,46,0
1116,46,3
5865,46,3
2967,46,5
4443,46,6
3678,46,3
0629,46,4
4062,46,3
1479,46,5
4540,46,4
7564,46,3
8064,46,2
0074,46,4
2016,46,3
2377,46,5
6362,46,5
4689,46,4
5192,46,2
2528,46,5
5256,46,2
7621,46,2
4827,46,4
2484,46,2
0905,46,5
1510,46,4
0342,46,0
6879,46,4
8050,46,2
5200,46,2
9315,46,2
1219,46,4
2521,46,5
3015,46,6
3831,46,6
9328,46,1
2225,46,4
9474,46,1
2096,46,1
1545,46,2
3720,46,6
3330,46,2
1331,46,3
6952,46,3
7672,46,2
2673,46,6
6188,46,0
4860,46,4
9030,46,3
1146,46,3
6263,46,2
1263,46,3
3899,46,6
5994,46,1
9306,46,3
3019,46,3
5011,46,5
1939,46,5
2585,46,5
9466,46,3
2197,46,5
5755,46,2
4543,46,3
9620,46,2
7859,46,7
6583,46,1
3069,46,5
8593,46,3
3096,46,3
6206,46,4
7561,46,2
6252,46,3
7031,46,2
7033,46,3
7611,46,1
2794,46,4
0371,46,7
1297,46,5
9053,46,2
9376,46,2
8815,46,3
7495,46,2
2136,46,3
2617,46,1
7089,46,5
8249,46,2
6870,46,3
5598,46,6
5251,46,2
6090,46,1
9150,46,3
2826,46,1
7912,46,2
8597,46,1
4339,46,3
4412,46,1
3399,46,1
3629,46,5
6928,46,0
1935,46,5
0313,46,3
7691,46,4
5697,46,2
2479,46,6
2655,46,1
2735,46,4
2986,46,3
6763,46,4
3402,46,3
8119,46,2
9374,46,3
3276,46,3
1395,46,2
8097,46,0
0507,46,3
4846,46,2
6367,46,2
0387,46,2
2097,46,4
1058,46,0
0491,46,2
0818,46,4
1117,46,3
1254,46,0
7277,46,3
6399,46,3
6294,46,0
3136,46,3
6257,46,4
4409,46,5
9935,46,4
3977,46,3
9152,46,3
7241,46,3
9633,46,4
8256,46,1
7938,46,2
6606,46,4
5010,46,5
9598,46,4
8512,46,2
7414,46,5
4905,46,0
7756,46,3
1468,46,2
4910,46,5
9612,46,8
0595,46,0
0501,46,2
3209,46,3
4198,46,2
0113,46,5
5809,46,6
6106,46,5
0363,46,4
1339,46,3
2309,46,2
4527,46,2
5043,46,3
5417,46,3
2890,46,0
6950,46,8
5372,46,2
6151,46,2
6990,46,6
2639,46,4
4853,46,2
9796,46,4
9814,46,2
6973,46,5
9437,46,2
0208,46,3
2023,46,3
4422,46,5
6112,46,4
7573,46,4
3116,46,3
7731,46,2
0182,46,4
9650,46,2
9922,46,6
5945,46,1
2581,46,3
0109,46,2
1147,46,2
4709,46,2
5868,46,5
7305,46,2
6481,46,7
7516,46,0
7934,46,3
0379,46,2
2454,46,8
0035,46,3
1427,46,6
5392,46,6
3182,46,2
8372,46,5
1527,46,1
8006,46,2
8838,46,3
5389,46,3
9999,46,2
2604,46,3
2868,46,1
3162,46,0
6849,46,1
9921,46,2
7610,46,2
7312,46,1
7716,46,3
0097,46,4
2174,46,2
1269,46,3
3376,46,1
3652,46,2
3664,46,1
6918,46,6
7531,46,1
6080,46,1
7719,46,3
3397,46,3
1016,46,3
2458,46,2
9986,46,4
7148,46,4
0226,46,2
6412,46,2
5440,46,5
2079,46,4
3272,46,3
6210,46,5
9826,46,2
8805,46,5
9204,46,1
6522,46,4
8236,46,2
9861,46,4
7170,46,5
7438,46,3
5396,46,5
9665,46,2
5318,46,1
5415,46,4
7885,46,5
8893,46,0
8247,46,2
8685,46,2
0214,46,5
0276,46,2
8503,46,0
9068,46,1
3044,46,5
3058,46,3
2788,46,5
2939,46,5
6751,46,4
0344,46,7
7842,46,1
5866,46,1
9690,46,3
3349,46,1
4241,46,3
4579,46,2
4973,46,6
3501,46,4
3656,46,2
4399,46,5
9085,46,1
3514,46,3
4560,46,1
3082,46,2
8175,46,5
3055,46,1
9054,46,6
5473,46,2
6228,46,2
0252,46,8
0897,46,9
3942,46,6
1319,46,5
6626,46,3
2038,46,7
7728,46,4
1099,46,6
2189,46,2
2656,46,4
4680,46,4
5320,46,4
7004,46,1
1013,46,1
4585,46,4
1540,46,3
9894,46,7
2075,46,3
0522,46,4
4608,46,3
6514,46,1
7834,46,3
7968,46,4
2214,46,9
1178,46,3
9911,46,2
0395,46,4
6300,46,3
3243,46,4
3701,46,1
5973,46,2
5227,46,3
6100,46,3
0997,46,2
5029,46,4
5018,46,1
5363,46,6
1514,46,3
4568,46,2
8347,46,2
5519,46,7
6220,46,2
4533,46,2
7322,46,3
9309,46,2
7349,46,5
2739,46,5
0998,46,1
1118,46,4
0398,46,5
3106,46,0
8040,46,3
8990,46,3
2737,46,2
5202,46,5
0516,46,3
0248,46,4
4941,46,3
2665,46,6
7501,46,1
9298,46,2
2855,46,5
4311,46,3
4593,46,5
6903,46,5
9961,46,4
7778,46,4
7888,46,5
9094,46,3
7263,46,2
1989,46,1
0718,46,4
5097,46,0
8307,46,6
6225,46,6
6649,46,4
8470,46,3
0108,46,7
0996,46,3
2533,46,0
2869,46,2
3697,46,3
7818,46,5
4309,46,1
9868,46,5
4440,46,6
3085,46,0
3381,46,4
3570,46,1
2447,46,1
8100,46,1
6683,46,3
4869,46,1
3347,46,2
5509,46,2
5569,46,2
7970,46,2
0353,46,4
1870,46,3
4551,46,2
0538,46,3
2065,46,2
4428,46,4
0300,46,3
5513,46,3
7868,46,3
2900,46,4
8035,46,2
8167,46,2
9147,46,4
8596,46,0
8822,46,5
8521,46,5
6296,46,5
5427,46,4
3440,46,2
8438,46,4
7943,47,4
5901,47,2
2728,47,4
7559,47,5
1075,47,5
2322,47,1
6301,47,3
9551,47,4
7153,47,5
9358,47,2
8860,47,3
3525,47,7
9824,47,1
3265,47,3
3895,47,3
3310,47,6
7116,47,1
7015,47,3
9236,47,3
8156,47,6
2095,47,2
3255,47,4
2003,47,4
3290,47,2
3057,47,5
8595,47,1
1563,47,1
2250,47,1
1517,47,5
3214,47,4
0699,47,3
7072,47,3
7661,47,5
9957,47,2
5393,47,4
3978,47,3
2844,47,0
3777,47,2
1173,47,2
1169,47,4
1300,47,4
5823,47,1
6719,47,3
6607,47,2
9919,47,7
9348,47,4
2388,47,3
4002,47,3
4003,47,4
3329,47,6
3872,47,1
9507,47,4
7594,47,4
3710,47,5
7677,47,2
9002,47,4
1172,47,2
5024,47,8
0370,47,3
3095,47,4
8391,47,2
6594,47,0
8351,47,0
9905,47,1
7886,47,5
7056,47,1
0229,47,3
5066,47,1
2231,47,2
4532,47,2
3999,47,5
5998,47,4
0628,47,3
3653,47,2
0623,47,2
8813,47,5
7498,47,4
6376,47,1
3866,47,4
7649,47,2
3972,47,3
2135,47,2
2757,47,4
1530,47,7
5401,47,5
7651,47,4
7017,47,4
0620,47,3
1249,47,2
7255,47,4
6003,47,5
5858,47,2
6633,47,4
2230,47,4
7937,47,4
7549,47,4
7417,47,4
7356,47,3
5012,47,1
3550,47,4
1520,47,5
8604,47,1
9664,47,2
2127,47,1
7931,47,5
3891,47,4
5984,47,2
5942,47,4
7992,47,4
6651,47,4
0310,47,6
2849,47,4
8038,47,4
8061,47,6
2419,47,2
5842,47,1
2880,47,4
9642,47,0
5032,47,4
5121,47,4
5073,47,0
7379,47,4
4268,47,0
5228,47,4
5330,47,3
3204,47,6
9545,47,3
8124,47,2
8430,47,5
7652,47,0
9410,47,3
8955,47,4
7799,47,4
2375,47,2
4824,47,4
7236,47,2
1434,47,6
0450,47,6
4240,47,1
7987,47,4
0495,47,2
3980,47,4
6998,47,3
3666,47,2
8177,47,4
5840,47,5
3649,47,2
1330,47,3
7898,47,6
0284,47,1
6691,47,3
9571,47,4
3053,47,5
4671,47,1
4191,47,4
7347,47,5
4470,47,8
1562,47,4
6372,47,5
1183,47,4
4763,47,2
6114,47,5
9958,47,0
3724,47,3
5194,47,2
8549,47,3
0162,47,4
0812,47,2
8642,47,2
4934,47,7
5231,47,3
6498,47,6
4172,47,4
9353,47,2
5487,47,4
5474,47,5
9988,47,4
3728,47,3
6765,47,4
2062,47,3
2033,47,1
4319,47,3
2596,47,1
7985,47,2
6851,47,4
7292,47,1
4678,47,4
7544,47,5
9427,47,1
8723,47,3
4456,47,5
4065,47,2
6424,47,2
0534,47,5
0244,47,4
0881,47,2
9375,47,3
7250,47,3
6654,47,3
3894,47,1
4410,47,7
0027,47,2
5898,47,6
0668,47,1
5326,47,4
6723,47,3
9996,47,1
6572,47,3
2443,47,0
0270,47,1
8574,47,3
1372,47,1
3078,47,3
0524,47,4
7534,47,7
2559,47,3
2315,47,6
6238,47,2
6699,47,6
4921,47,3
7905,47,4
9308,47,5
7121,47,4
7857,47,7
8912,47,3
1133,47,3
3627,47,5
2259,47,2
0749,47,1
1815,47,1
0873,47,5
0828,47,4
5283,47,4
5310,47,3
4769,47,4
6863,47,4
4613,47,1
9011,47,3
1984,47,4
8053,47,3
7532,47,3
9501,47,3
5497,47,6
4400,47,5
8640,47,1
7198,47,3
6094,47,6
4141,47,6
6280,47,3
0846,47,5
5077,47,0
5499,47,3
1622,47,3
7062,47,4
2164,47,3
9079,47,5
8967,47,1
8286,47,2
9658,47,5
1600,47,3
1161,47,5
7189,47,3
6566,47,3
7555,47,4
9049,47,1
6430,47,3
4117,47,3
0418,47,2
8947,47,2
7479,47,4
6874,47,5
8698,47,4
6820,47,2
2878,47,2
2392,47,0
8936,47,4
0135,47,2
3101,47,1
2496,47,1
8469,47,6
9734,47,2
9180,47,6
5268,47,1
4424,47,3
1301,47,4
1223,47,2
4330,47,2
0714,47,2
6254,47,3
8390,47,4
7378,47,3
2359,47,2
8901,47,2
3602,47,2
2712,47,3
2353,47,5
8319,47,2
1642,47,5
8713,47,1
7793,47,2
3324,47,1
0189,47,0
7867,47,3
7343,47,2
3147,47,4
2139,47,2
1922,47,3
9893,47,3
4746,47,2
3104,47,5
9052,47,1
3690,47,4
8205,47,5
7772,47,3
7592,47,5
5395,47,3
7451,47,9
7995,47,3
7459,47,5
6710,47,3
1646,47,5
5629,47,5
3877,47,8
9559,47,4
4210,47,3
0525,47,5
0185,47,4
7050,47,4
3949,47,2
6378,47,6
3856,47,1
2971,47,4
2272,47,2
1216,47,1
3155,47,3
7335,47,3
4530,47,5
9274,47,2
2544,47,2
4855,47,2
8330,47,4
4951,47,6
4398,47,4
7974,47,0
7113,47,3
8223,47,5
2773,47,3
0839,47,5
3509,47,2
0615,47,2
0088,47,3
4075,47,2
3239,47,3
1264,47,4
7747,47,5
6860,47,3
7126,47,6
7225,47,8
3917,47,3
4066,47,7
6900,47,2
7946,47,3
3142,47,1
2593,47,3
3217,47,4
2290,47,2
8916,47,6
8564,47,8
3860,47,3
1473,47,4
7711,47,1
3005,47,5
2260,47,3
9853,47,5
3505,47,2
3372,47,0
2374,47,4
6905,47,4
7581,47,3
3448,47,4
9781,47,1
3257,47,0
2600,47,6
3090,47,1
4113,47,3
0222,47,1
3833,47,4
5490,47,1
5599,47,1
4323,47,6
3089,47,3
6696,47,5
4272,47,3
8395,47,2
1029,47,5
8456,47,3
5525,47,5
3686,47,1
7109,47,3
9940,47,4
5523,47,2
4517,47,3
5539,47,2
8621,47,3
0921,47,2
8260,47,3
2850,47,3
3328,47,3
0164,47,6
9179,47,2
7132,47,1
2140,47,3
2717,47,5
6875,47,2
1436,47,2
7381,47,5
7429,47,1
1946,47,3
9889,47,3
3848,47,2
1089,47,1
2298,47,2
3187,47,1
0931,47,4
4501,47,2
4847,47,4
0332,47,4
9195,47,2
8274,47,2
4544,47,3
0727,47,2
9061,47,4
6095,47,2
4429,47,3
3390,47,1
3291,47,5
7567,47,3
7248,47,6
3119,47,2
7437,47,3
5551,47,3
9447,47,2
5284,47,1
3584,47,1
8849,47,5
7468,47,2
2771,47,6
3580,47,4
3334,47,1
0340,47,4
