Date,WinningNumber,Cycles_Roller0,Cycles_Roller1,Cycles_Roller2,Cycles_Roller3,Cycles_Roller4,Cycles_Roller5
18-July-2020,147295,1,3,2,3,1,5
25-July-2020,476809,2,9,1,3,4,2
26-July-2020,236932,8,4,10,4,1,9
01-August-2020,252598,9,3,4,1,5,5
03-August-2020,281716,9,1,1,1,1,2
05-August-2020,143181,8,3,8,7,5,1
07-August-2020,466762,2,8,7,3,3,2
11-August-2020,587042,4,9,9,2,9,10
13-August-2020,165267,3,1,2,9,1,2
17-August-2020,251916,1,8,4,7,2,5
19-August-2020,242490,9,4,9,5,9,7
21-August-2020,579592,5,9,3,6,10,6
25-August-2020,254895,4,7,5,5,10,9
27-August-2020,417106,1,6,7,3,4,8
29-August-2020,574875,4,7,3,7,9,2
02-September-2020,605405,7,5,9,9,1,10
04-September-2020,532868,2,9,3,1,5,6
08-September-2020,184508,3,4,8,5,5,10
10-September-2020,589225,6,10,5,2,3,4
12-September-2020,254673,4,9,5,4,6,7
14-September-2020,587420,5,1,7,8,4,8
16-September-2020,796407,6,8,1,10,7,8
18-September-2020,162993,6,3,4,5,6,4
20-September-2020,173964,9,1,9,10,9,7
22-September-2020,837070,5,4,6,4,4,1
24-September-2020,719196,7,9,8,5,7,3
26-September-2020,815464,2,10,4,6,9,6
28-September-2020,471818,6,7,4,1,2,2
30-September-2020,846510,3,1,5,5,10,9
03-October-2020,658129,8,6,8,8,6,7
05-October-2020,282484,6,1,6,6,9,2
07-October-2020,489735,1,10,3,7,9,6
09-October-2020,753748,1,9,6,10,3,6
10-October-2020,508706,3,8,5,10,6,2
12-October-2020,567238,9,4,1,1,1,8
14-October-2020,509910,9,6,8,7,6,9
16-October-2020,309864,2,10,10,6,8,9
19-October-2020,246187,2,6,3,3,7,9
21-October-2020,333853,7,3,3,7,6,4
23-October-2020,199833,1,2,4,10,3,10
26-October-2020,278087,1,4,1,8,1,6
28-October-2020,220631,9,2,8,3,9,6
30-October-2020,638915,3,2,2,3,6,1
02-November-2020,732140,8,10,6,9,7,5
04-November-2020,267576,7,5,5,2,5,3
06-November-2020,131387,8,5,6,7,3,5
09-November-2020,525531,6,8,6,3,9,6
11-November-2020,681417,7,6,4,4,6,4
13-November-2020,786186,8,10,5,4,5,5
15-November-2020,399409,5,8,7,6,8,4
16-November-2020,299577,2,10,10,6,9,1
18-November-2020,456030,1,1,3,3,2,2
20-November-2020,894706,3,9,2,8,9,3
23-November-2020,312252,3,7,2,1,8,3
25-November-2020,342702,9,8,10,9,2,10
27-November-2020,201323,2,4,1,6,3,6
30-November-2020,833912,4,9,8,2,4,4
01-December-2020,161958,4,5,2,10,1,5
02-December-2020,222347,1,3,9,8,6,7
04-December-2020,246268,9,9,6,5,1,3
05-December-2020,221819,9,1,5,3,2,6
06-December-2020,247741,9,9,4,6,7,7
07-December-2020,716735,2,2,1,10,7,1
09-December-2020,548999,3,8,8,8,5,2
10-December-2020,864192,8,8,4,9,10,9
11-December-2020,613424,8,4,1,6,7,3
12-December-2020,507606,2,2,6,2,7,4
14-December-2020,860666,8,4,7,10,5,10
15-December-2020,647444,8,2,3,8,9,6
16-December-2020,468435,7,8,9,10,7,6
18-December-2020,444808,9,2,4,1,9,6
19-December-2020,723241,1,1,1,7,4,3
21-December-2020,197852,6,4,6,3,4,2
22-December-2020,312075,8,7,5,8,1,9
23-December-2020,620096,5,9,2,10,7,8
25-December-2020,426487,7,10,4,1,6,5
26-December-2020,157751,7,5,9,7,6,6
28-December-2020,693433,4,9,4,3,3,8
29-December-2020,140911,5,5,3,5,6,2
30-December-2020,228972,1,1,2,10,2,2
01-January-2021,673025,3,8,5,4,4,9
02-January-2021,595246,2,6,8,9,1,8
03-January-2021,382963,2,2,3,7,1,9
04-January-2021,746417,4,3,6,5,2,6
05-January-2021,648142,1,10,8,4,7,8
06-January-2021,127101,5,1,1,10,6,8
08-January-2021,148887,9,9,9,7,2,4
09-January-2021,352208,8,6,6,7,8,3
11-January-2021,560600,7,2,2,4,10,9
12-January-2021,702260,6,6,8,6,5,10
13-January-2021,175085,6,5,7,1,7,5
15-January-2021,794620,3,6,1,3,1,5
16-January-2021,252407,7,1,2,8,7,8
18-January-2021,686840,3,1,6,1,4,2
19-January-2021,174170,5,2,2,3,5,10
20-January-2021,194677,9,6,10,8,10,8
22-January-2021,802248,5,9,2,6,5,3
23-January-2021,467046,6,4,5,1,10,2
25-January-2021,139570,7,5,8,7,5,7
27-January-2021,805153,5,1,4,8,9,2
29-January-2021,505056,1,10,10,5,10,1
30-January-2021,586838,9,3,9,2,3,8
01-February-2021,652417,7,9,4,9,6,7
02-February-2021,361776,4,2,1,7,2,5
03-February-2021,716935,4,4,5,8,2,2
04-February-2021,195746,6,3,1,2,3,8
05-February-2021,517047,6,7,8,2,10,5
06-February-2021,439008,5,1,8,10,6,3
07-February-2021,295246,8,2,4,9,4,2
08-February-2021,776665,2,4,9,4,1,2
09-February-2021,248751,7,1,8,5,3,9
10-February-2021,248225,9,10,10,1,5,1
11-February-2021,719721,2,2,9,9,10,9
12-February-2021,743410,9,8,6,3,4,6
13-February-2021,345728,5,10,8,7,6,1
15-February-2021,674015,5,9,1,2,4,4
16-February-2021,314121,4,3,10,5,6,9
17-February-2021,635711,5,1,9,3,4,10
18-February-2021,276616,6,6,9,5,10,9
19-February-2021,180355,8,8,6,1,1,2
20-February-2021,582031,6,10,8,6,3,9
22-February-2021,403734,5,7,9,8,10,5
23-February-2021,575906,4,5,8,8,9,4
24-February-2021,622583,7,2,3,1,2,9
25-February-2021,572677,2,8,10,6,7,6
26-February-2021,388692,2,8,4,10,7,8
27-February-2021,435933,3,6,3,3,5,6
01-March-2021,846299,3,7,9,3,5,5
02-March-2021,619802,8,2,7,3,4,9
03-March-2021,107944,5,2,2,4,4,3
04-March-2021,359410,8,2,8,5,3,1
05-March-2021,787771,4,1,2,7,2,4
06-March-2021,425586,8,4,2,9,3,9
07-March-2021,425929,9,10,10,9,1,4
08-March-2021,108308,7,3,7,8,7,4
09-March-2021,727476,3,7,1,7,9,2
10-March-2021,639535,1,2,8,6,2,2
11-March-2021,230216,6,10,9,2,6,8
12-March-2021,569924,5,5,1,7,6,6
13-March-2021,733205,6,5,6,3,7,6
15-March-2021,287702,7,4,6,9,10,1
16-March-2021,766076,2,1,1,2,9,7
17-March-2021,279255,7,1,7,9,9,2
18-March-2021,857914,4,7,2,7,9,4
19-March-2021,317446,3,6,10,5,7,4
20-March-2021,241175,2,8,6,4,5,2
21-March-2021,316142,7,2,5,10,5,1
22-March-2021,469043,3,6,7,5,10,6
23-March-2021,482785,9,9,7,8,8,3
24-March-2021,755470,1,9,7,3,7,5
25-March-2021,485586,8,1,10,6,3,3
26-March-2021,234829,8,6,1,5,1,4
27-March-2021,837275,4,10,7,7,6,8
29-March-2021,440824,6,7,7,3,4,4
30-March-2021,728645,1,1,2,1,1,6
31-March-2021,695090,1,4,3,7,2,5
01-April-2021,719754,8,7,6,8,2,9
02-April-2021,327140,5,9,2,7,6,1
03-April-2021,855347,6,5,2,9,10,8
04-April-2021,134048,4,7,1,6,10,3
05-April-2021,417813,2,9,7,2,3,1
08-April-2021,118815,7,10,9,10,10,3
09-April-2021,748636,3,8,10,1,4,8
10-April-2021,377016,5,9,1,7,6,10
11-April-2021,250249,2,7,7,9,7,4
12-April-2021,632155,3,7,8,6,4,8
13-April-2021,249248,6,7,3,4,6,6
14-April-2021,700466,2,4,9,2,1,2
15-April-2021,648012,1,6,2,9,2,3
16-April-2021,447460,7,10,1,1,8,4
17-April-2021,783460,1,7,4,10,10,10
19-April-2021,478841,8,2,5,1,9,4
20-April-2021,665851,2,9,3,10,4,10
21-April-2021,821955,1,3,4,4,10,1
22-April-2021,275705,5,8,6,2,2,10
23-April-2021,600751,3,5,5,10,8,9
26-April-2021,282516,6,3,8,9,9,9
27-April-2021,690176,3,8,2,8,2,10
28-April-2021,291742,6,10,9,3,5,3
29-April-2021,428036,1,6,3,2,7,7
30-April-2021,664854,2,7,4,2,7,6
03-May-2021,714922,8,4,10,4,5,7
25-June-2021,491550,8,3,3,1,5,4
29-June-2021,258505,8,1,3,10,2,5
02-July-2021,732163,2,7,6,8,5,7
06-July-2021,680707,1,4,2,3,5,6
09-July-2021,195093,5,8,5,2,6,4
13-July-2021,155009,9,1,10,10,4,5
16-July-2021,547670,6,4,8,3,9,3
20-July-2021,309715,2,4,8,5,8,5
22-July-2021,430240,3,9,9,1,7,5
23-July-2021,174942,7,6,6,7,10,6
27-July-2021,752162,3,7,2,9,1,10
30-July-2021,598928,3,9,4,1,8,5
02-August-2021,408641,5,9,10,7,1,3
04-August-2021,440545,9,6,8,4,10,1
06-August-2021,727040,1,1,3,3,10,5
09-August-2021,778783,9,8,9,8,8,2
11-August-2021,619113,1,3,9,7,5,10
13-August-2021,327992,4,9,2,1,9,4
16-August-2021,534241,7,2,3,3,8,8
18-August-2021,802110,8,1,2,6,3,6
20-August-2021,749701,7,6,3,3,3,4
25-August-2021,871177,2,9,8,7,9,4
27-August-2021,318448,3,3,3,6,5,3
30-August-2021,756122,4,4,2,4,9,5
01-September-2021,357213,5,10,9,4,4,6
02-September-2021,305592,9,8,2,8,9,4
03-September-2021,649484,5,6,6,4,6,3
04-September-2021,779417,8,9,10,10,5,9
06-September-2021,768286,9,9,1,8,5,5
07-September-2021,144924,6,2,4,7,1,6
08-September-2021,758207,3,6,6,3,7,9
09-September-2021,690078,1,9,8,1,9,3
10-September-2021,419416,7,7,1,1,8,2
11-September-2021,622998,2,9,7,5,9,8
13-September-2021,465146,7,7,7,9,8,2
14-September-2021,248394,8,2,7,9,2,6
15-September-2021,801058,4,4,7,6,2,2
16-September-2021,418597,6,8,3,7,8,7
17-September-2021,510369,4,10,8,7,9,9
18-September-2021,513295,9,10,7,5,1,8
19-September-2021,645465,7,8,8,2,9,10
20-September-2021,681085,9,7,4,9,7,10
21-September-2021,175777,5,2,6,8,7,3
22-September-2021,243541,1,1,2,9,5,6
23-September-2021,762447,2,8,1,4,10,4
24-September-2021,767511,9,10,5,6,3,6
25-September-2021,627699,1,3,10,6,9,3
28-September-2021,669078,9,7,8,7,3,4
29-September-2021,830953,1,5,9,6,9,1
30-September-2021,755770,7,3,5,2,1,8
01-October-2021,736426,9,7,9,3,4,3
03-October-2021,653659,1,3,3,2,5,4
04-October-2021,603246,9,8,10,6,6,6
05-October-2021,743066,8,6,10,1,1,10
06-October-2021,687674,1,7,6,3,4,6
07-October-2021,782095,8,10,5,7,7,6
08-October-2021,639052,1,6,3,10,2,1
09-October-2021,635077,9,10,4,10,1,2
11-October-2021,684764,9,4,1,8,6,1
12-October-2021,520292,2,4,4,1,1,7
13-October-2021,282869,4,6,8,3,9,1
14-October-2021,827261,4,4,5,7,10,7
15-October-2021,709777,7,3,8,9,4,4
16-October-2021,270504,7,5,9,9,1,1
18-October-2021,511717,5,3,9,1,7,9
20-October-2021,228007,4,9,3,2,3,10
21-October-2021,322246,7,10,6,9,4,5
22-October-2021,543296,7,9,9,10,2,10
23-October-2021,300004,2,4,3,1,4,6
24-October-2021,831811,6,9,9,2,7,5
25-October-2021,373202,3,6,8,7,3,2
26-October-2021,495670,3,6,8,4,9,4
27-October-2021,379431,6,4,6,8,2,4
28-October-2021,637427,5,4,2,10,2,4
29-October-2021,698414,9,2,9,10,4,1
30-October-2021,846035,1,5,2,9,4,6
01-November-2021,334823,3,3,2,2,2,7
02-November-2021,217683,2,9,7,1,9,10
03-November-2021,814879,4,10,3,9,7,5
04-November-2021,567732,1,6,7,6,2,9
05-November-2021,777953,6,1,10,8,7,6
06-November-2021,622646,1,2,5,7,6,1
08-November-2021,864242,1,7,8,6,10,3
09-November-2021,589153,1,9,5,6,4,6
10-November-2021,591672,9,8,8,8,1,4
11-November-2021,518884,9,7,3,9,3,3
12-November-2021,478102,5,7,10,3,8,7
13-November-2021,714158,1,3,4,10,8,5
15-November-2021,210697,7,10,4,8,8,7
16-November-2021,254783,9,4,6,5,6,4
17-November-2021,591807,5,9,3,4,8,6
18-November-2021,111898,3,7,10,10,6,3
19-November-2021,157229,9,4,4,7,7,6
20-November-2021,299860,1,9,8,3,2,3
21-November-2021,591801,5,10,8,10,5,4
22-November-2021,338132,2,8,3,3,1,2
23-November-2021,324197,9,8,4,10,5,2
24-November-2021,501490,7,3,3,6,10,2
25-November-2021,721513,6,7,10,6,1,2
26-November-2021,273062,7,8,8,3,8,4
27-November-2021,578854,5,10,5,2,3,3
29-November-2021,796744,6,6,2,6,6,10
30-November-2021,731255,9,8,5,1,4,6
01-December-2021,820195,2,8,1,6,8,10
02-December-2021,169035,4,7,1,5,5,10
03-December-2021,229550,1,3,10,7,7,5
04-December-2021,792257,2,4,7,2,10,8
06-December-2021,127702,6,6,5,9,2,8
07-December-2021,303913,8,3,4,8,7,6
08-December-2021,928656,8,7,5,7,1,1
09-December-2021,643922,6,9,5,3,5,3
10-December-2021,453869,7,6,10,6,2,1
11-December-2021,799646,1,9,4,1,9,6
13-December-2021,767197,9,3,2,2,2,5
14-December-2021,927885,4,3,10,7,6,7
15-December-2021,848428,7,9,9,9,1,6
16-December-2021,265608,5,8,3,2,7,10
17-December-2021,905866,6,6,10,9,5,2
18-December-2021,903854,9,10,2,10,3,6
20-December-2021,512717,8,8,1,6,9,9
21-December-2021,650556,7,4,2,9,1,5
22-December-2021,674413,9,3,6,4,9,9
23-December-2021,392013,4,6,2,9,10,10
24-December-2021,120995,1,6,2,6,9,3
25-December-2021,658476,4,5,2,5,3,8
27-December-2021,698527,9,9,10,6,4,5
28-December-2021,573057,2,4,5,3,5,10
29-December-2021,226836,4,2,7,2,3,5
30-December-2021,256951,9,5,10,4,7,1
31-December-2021,608798,3,8,8,2,8,7
01-January-2022,720651,8,7,8,5,2,3
03-January-2022,169230,6,7,1,6,3,6
04-January-2022,599830,6,7,10,3,10,10
05-January-2022,643018,7,5,6,8,6,1
06-January-2022,839676,1,3,4,3,2,2
07-January-2022,617942,8,9,2,3,5,3
08-January-2022,302800,4,2,5,6,6,4
10-January-2022,343560,9,6,9,5,5,10
11-January-2022,635104,5,3,8,8,5,9
12-January-2022,960561,3,5,5,2,5,5
13-January-2022,964294,9,10,6,2,1,5
14-January-2022,306768,1,6,8,9,9,2
15-January-2022,834326,6,9,2,6,8,2
17-January-2022,100052,4,1,4,6,5,3
18-January-2022,511130,6,8,9,5,3,4
19-January-2022,516699,9,10,5,8,5,7
20-January-2022,894845,8,3,2,9,8,8
21-January-2022,297771,5,10,7,6,5,9
22-January-2022,885989,4,2,2,8,3,3
24-January-2022,754961,7,9,1,10,3,7
25-January-2022,921238,4,5,3,3,6,7
27-January-2022,454524,4,5,7,8,2,8
28-January-2022,840210,3,4,4,2,4,1
29-January-2022,623118,8,1,7,6,10,1
31-January-2022,835865,1,2,8,7,8,4
01-February-2022,724736,7,8,1,6,6,8
02-February-2022,960391,4,7,4,6,5,1
03-February-2022,745073,5,2,5,6,3,8
04-February-2022,574257,3,9,1,9,9,6
05-February-2022,749886,6,1,5,3,4,5
07-February-2022,221057,7,1,8,8,6,5
08-February-2022,614550,3,1,7,7,10,2
09-February-2022,425556,7,9,9,10,10,3
10-February-2022,681328,2,6,4,7,5,8
11-February-2022,643688,9,3,8,9,9,10
12-February-2022,972780,3,9,1,5,10,9
14-February-2022,490400,4,6,2,3,8,10
15-February-2022,213855,8,7,7,1,8,5
16-February-2022,395495,7,3,8,9,8,10
17-February-2022,948502,8,5,7,6,4,1
18-February-2022,845865,7,10,3,5,5,9
19-February-2022,897213,9,5,8,7,2,7
21-February-2022,337040,3,8,10,1,7,8
22-February-2022,958712,8,3,9,8,3,6
23-February-2022,419076,4,6,9,2,2,7
24-February-2022,765115,1,6,4,5,8,2
25-February-2022,727048,9,3,8,5,7,6
26-February-2022,469915,8,7,8,6,3,4
28-February-2022,358520,6,8,1,1,6,5
01-March-2022,425711,3,5,3,1,4,4
02-March-2022,201082,8,3,4,2,5,2
03-March-2022,344957,7,6,7,6,6,2
04-March-2022,680145,5,7,4,9,6,7
05-March-2022,943851,3,3,7,7,4,9
07-March-2022,341120,1,10,2,3,5,6
08-March-2022,319605,9,2,2,8,7,5
09-March-2022,253312,2,4,6,1,7,1
10-March-2022,722556,2,5,1,3,1,7
11-March-2022,441931,8,9,1,9,3,1
12-March-2022,106268,7,4,5,3,4,7
14-March-2022,878491,5,5,8,2,1,3
15-March-2022,439166,6,4,9,4,9,9
16-March-2022,867952,3,5,2,1,3,3
17-March-2022,293783,5,7,4,2,4,6
18-March-2022,805982,4,9,8,8,10,4
19-March-2022,561018,1,4,4,4,5,5
20-March-2022,107463,3,6,4,1,8,1
21-March-2022,633858,4,9,4,1,3,9
22-March-2022,237824,6,10,6,10,5,8
23-March-2022,246610,9,7,1,1,4,1
24-March-2022,407524,1,4,9,4,6,9
25-March-2022,471775,9,5,6,1,6,6
26-March-2022,984145,5,8,7,7,5,10
30-March-2022,499851,4,8,5,7,4,9
31-March-2022,156490,7,1,3,9,8,6
01-April-2022,108405,9,8,8,10,4,5
02-April-2022,605218,4,10,3,8,7,6
03-April-2022,408275,7,10,7,10,2,4
04-April-2022,428239,9,7,10,10,2,2
05-April-2022,139935,7,2,9,7,10,8
06-April-2022,564713,6,5,5,2,6,7
07-April-2022,269359,4,10,5,6,1,5
08-April-2022,126759,8,3,3,4,10,10
09-April-2022,755608,3,5,1,5,2,4
10-April-2022,129222,6,5,6,6,3,5
11-April-2022,453882,2,5,6,3,9,10
12-April-2022,207078,8,8,6,8,7,5
13-April-2022,604635,3,10,3,3,2,4
14-April-2022,436257,7,9,8,6,7,3
15-April-2022,355748,6,3,1,9,6,3
16-April-2022,891810,6,9,4,4,3,9
18-April-2022,758930,7,1,3,4,4,10
19-April-2022,260708,7,2,8,2,9,1
20-April-2022,410281,1,4,10,1,2,3
21-April-2022,542625,4,8,8,4,1,1
22-April-2022,279129,4,9,3,2,10,2
23-April-2022,748560,2,1,1,2,2,3
25-April-2022,570104,3,9,8,8,5,9
26-April-2022,964771,1,9,6,3,9,5
27-April-2022,744785,5,2,10,10,3,1
28-April-2022,679285,1,9,5,1,10,10
29-April-2022,160353,5,9,9,5,6,7
30-April-2022,695437,4,7,5,7,3,6
02-May-2022,354473,4,1,1,10,8,4
03-May-2022,535770,7,7,9,7,10,8
04-May-2022,273930,4,6,2,8,2,10
05-May-2022,145893,8,1,8,6,5,2
06-May-2022,419993,2,2,6,4,10,10
07-May-2022,157952,7,4,2,10,2,4
09-May-2022,749821,3,4,8,6,5,8
10-May-2022,237263,7,3,2,7,2,8
11-May-2022,263740,9,5,4,9,9,8
12-May-2022,157578,8,8,6,9,5,1
13-May-2022,943709,7,4,4,1,1,6
14-May-2022,552988,8,6,1,8,2,4
16-May-2022,225499,4,5,7,5,4,6
17-May-2022,170384,8,8,5,3,6,2
18-May-2022,412287,2,3,8,5,10,9
19-May-2022,874217,3,7,8,10,5,10
20-May-2022,185137,4,8,9,6,4,10
21-May-2022,781348,3,10,4,9,3,3
22-May-2022,727990,9,4,4,2,2,9
23-May-2022,156360,6,5,1,8,9,10
24-May-2022,597208,6,9,9,5,5,1
25-May-2022,945259,1,5,2,10,8,6
26-May-2022,238512,3,3,7,8,9,9
27-May-2022,194322,8,2,4,7,6,10
28-May-2022,443438,2,5,1,7,8,5
29-May-2022,567525,4,8,6,6,2,4
30-May-2022,730544,6,5,7,10,1,4
31-May-2022,571888,3,6,9,5,8,2
01-June-2022,339834,2,4,2,10,9,8
02-June-2022,945298,8,7,4,7,5,2
03-June-2022,227146,3,1,8,6,8,2
04-June-2022,267298,9,7,10,4,2,8
05-June-2022,476197,1,1,1,6,10,7
06-June-2022,150978,7,7,6,1,3,3
07-June-2022,826467,5,5,4,5,6,7
08-June-2022,750087,7,5,6,9,7,10
09-June-2022,579861,3,3,1,2,3,6
10-June-2022,593553,9,6,6,5,3,8
11-June-2022,677417,7,4,6,4,9,6
12-June-2022,565805,2,9,2,1,3,7
13-June-2022,936864,1,5,9,10,5,4
14-June-2022,600113,6,1,6,3,2,3
15-June-2022,928338,3,7,2,9,4,9
16-June-2022,890745,7,4,8,4,3,4
17-June-2022,477814,6,4,3,4,3,4
18-June-2022,874727,3,10,3,6,6,9
19-June-2022,220008,5,2,4,2,7,3
20-June-2022,725755,2,10,5,8,8,4
21-June-2022,308187,5,3,7,7,4,3
22-June-2022,635622,5,9,3,8,1,8
23-June-2022,825981,1,8,10,3,9,8
24-June-2022,707700,7,3,8,2,8,6
25-June-2022,955731,4,2,2,10,1,4
26-June-2022,206846,3,8,9,4,3,9
27-June-2022,474071,1,5,2,8,5,1
28-June-2022,457567,9,7,7,7,6,4
29-June-2022,309707,6,8,8,1,5,10
30-June-2022,283202,2,3,6,1,10,8
01-July-2022,852781,4,9,1,9,2,8
02-July-2022,554476,1,10,8,3,7,9
03-July-2022,488801,5,1,6,1,1,1
04-July-2022,713801,1,5,5,10,10,10
05-July-2022,609530,1,2,4,5,1,6
06-July-2022,540720,2,6,9,1,2,10
07-July-2022,669060,7,8,1,2,2,10
08-July-2022,468856,7,10,1,2,3,3
09-July-2022,846690,3,2,2,1,8,7
10-July-2022,210064,5,2,6,7,9,9
11-July-2022,410286,1,10,10,9,7,4
12-July-2022,857284,3,4,3,10,10,6
13-July-2022,328316,3,5,9,5,5,4
14-July-2022,192659,1,4,6,9,1,4
15-July-2022,165097,9,3,7,7,8,1
16-July-2022,120827,9,3,5,2,7,10
17-July-2022,183520,9,6,7,5,10,2
18-July-2022,634423,4,6,9,4,10,2
19-July-2022,699259,9,2,5,8,5,5
20-July-2022,680443,9,2,9,2,6,5
21-July-2022,962218,3,1,8,8,3,9
22-July-2022,138428,2,5,4,2,6,10
23-July-2022,772764,3,6,6,7,2,8
24-July-2022,537904,3,4,5,8,5,10
25-July-2022,245789,4,7,2,2,2,8
26-July-2022,211059,9,2,4,2,6,10
27-July-2022,520862,5,9,1,2,7,9
28-July-2022,125221,3,10,5,7,8,8
29-July-2022,101116,9,3,4,6,4,9
30-July-2022,899709,5,1,2,3,3,4
31-July-2022,530898,1,8,9,4,6,4
01-August-2022,701852,6,1,9,10,2,5
02-August-2022,845096,2,6,6,8,8,7
03-August-2022,695508,8,5,10,7,4,8
04-August-2022,874257,1,4,1,2,8,7
05-August-2022,930756,2,4,4,9,10,5
06-August-2022,119892,2,9,1,4,8,3
07-August-2022,170677,9,7,9,1,3,2
08-August-2022,781234,3,8,9,6,2,1
09-August-2022,118387,6,5,3,5,1,9
10-August-2022,338934,8,1,10,2,9,1
11-August-2022,156579,1,3,2,1,8,8
12-August-2022,965392,7,2,1,7,7,9
13-August-2022,421178,4,3,4,1,3,5
14-August-2022,452753,9,5,9,3,9,1
16-August-2022,179672,7,3,3,5,1,4
17-August-2022,352802,8,7,7,9,1,10
18-August-2022,823855,6,5,9,10,8,9
19-August-2022,798484,7,4,5,9,4,4
20-August-2022,670349,1,4,8,3,2,8
21-August-2022,564227,2,9,6,5,9,1
22-August-2022,173806,3,1,1,3,7,5
23-August-2022,162099,9,9,1,8,6,4
24-August-2022,557740,6,8,5,8,8,3
25-August-2022,588340,9,1,9,6,10,10
26-August-2022,556448,9,9,2,7,10,1
27-August-2022,562669,9,2,4,2,1,6
28-August-2022,361203,2,10,1,6,5,5
29-August-2022,267478,2,10,4,2,9,9
30-August-2022,456957,1,8,1,5,9,7
31-August-2022,738415,1,7,8,5,9,7
01-September-2022,455383,8,3,3,3,5,7
02-September-2022,507342,4,8,8,10,2,4
03-September-2022,421790,5,7,6,4,2,4
04-September-2022,198556,7,4,3,9,2,3
05-September-2022,360999,8,3,8,9,8,4
06-September-2022,418086,3,4,2,4,6,6
07-September-2022,132523,7,1,6,7,1,9
09-September-2022,896865,5,2,6,5,2,3
10-September-2022,207512,5,9,9,5,2,1
11-September-2022,313346,7,8,4,7,7,7
12-September-2022,245714,2,8,8,4,3,6
13-September-2022,989679,6,7,6,5,2,8
14-September-2022,551395,8,9,8,1,7,8
15-September-2022,485426,5,1,6,7,7,8
16-September-2022,722565,1,4,3,6,2,2
17-September-2022,405241,8,3,7,2,9,9
18-September-2022,750605,1,2,5,4,6,1
19-September-2022,247719,7,4,3,5,7,2
20-September-2022,968935,6,8,9,8,4,8
21-September-2022,872625,7,1,6,7,2,10
22-September-2022,768444,7,9,4,8,1,4
25-September-2022,251338,7,8,7,3,7,2
26-September-2022,750161,2,10,1,1,4,3
27-September-2022,541742,3,4,9,3,9,2
28-September-2022,183481,3,7,8,3,8,8
29-September-2022,168155,9,1,5,4,6,1
30-September-2022,145212,9,2,3,4,9,1
01-October-2022,194686,9,5,1,4,5,7
03-October-2022,498499,2,10,6,8,4,4
04-October-2022,235704,8,8,3,7,4,2
05-October-2022,912581,6,9,3,9,2,5
06-October-2022,464046,4,6,8,3,2,9
07-October-2022,732834,1,5,2,2,7,6
08-October-2022,954445,4,3,8,9,3,6
09-October-2022,505980,8,8,9,5,8,5
10-October-2022,102657,3,10,3,7,6,8
11-October-2022,634368,4,9,8,1,7,3
12-October-2022,907042,3,1,7,6,9,5
13-October-2022,575808,8,5,2,2,6,5
14-October-2022,695418,7,6,10,9,7,10
15-October-2022,577450,2,4,8,10,1,9
16-October-2022,424624,5,2,3,2,5,9
17-October-2022,539370,4,2,5,1,6,1
18-October-2022,312505,2,9,7,3,1,5
19-October-2022,860265,6,6,2,2,5,10
20-October-2022,781094,7,9,9,1,1,4
21-October-2022,568081,3,1,3,10,6,5
22-October-2022,174632,3,1,4,3,9,2
23-October-2022,148132,9,1,6,2,10,10
24-October-2022,568562,6,8,10,2,4,10
25-October-2022,954329,1,8,4,7,8,1
26-October-2022,170874,2,3,4,8,6,2
27-October-2022,970679,7,10,10,1,10,8
28-October-2022,500289,8,5,10,6,3,10
29-October-2022,105903,3,10,5,7,8,5
30-October-2022,106139,9,10,9,9,1,5
31-October-2022,529148,6,7,7,10,3,4
01-November-2022,563796,9,7,6,3,2,2
02-November-2022,942807,1,2,1,4,4,5
03-November-2022,822054,7,1,10,8,8,1
04-November-2022,961472,2,7,1,1,1,7
05-November-2022,171478,2,1,10,10,10,5
06-November-2022,425997,2,2,6,5,7,7
07-November-2022,995662,5,4,10,7,9,8
08-November-2022,593569,8,10,2,4,10,1
09-November-2022,714468,6,7,9,4,10,4
10-November-2022,592984,3,3,2,5,7,8
11-November-2022,244562,4,5,8,1,3,7
12-November-2022,554218,5,6,10,2,2,5
13-November-2022,458063,5,10,6,1,8,1
14-November-2022,116318,7,6,2,4,2,9
15-November-2022,865303,5,6,1,10,3,1
16-November-2022,323494,3,3,2,7,6,7
17-November-2022,551207,7,5,2,8,4,9
18-November-2022,905961,1,8,6,7,5,6
19-November-2022,527624,8,7,8,7,8,5
20-November-2022,110398,3,1,7,1,3,2
21-November-2022,879265,5,7,1,5,9,4
22-November-2022,177198,4,10,2,6,1,6
23-November-2022,446530,2,1,1,2,5,9
24-November-2022,286032,8,7,10,3,10,6
25-November-2022,977265,6,2,9,9,4,9
26-November-2022,166104,2,9,1,6,5,4
27-November-2022,937475,7,5,9,6,9,6
28-November-2022,250912,3,3,7,5,8,1
29-November-2022,514179,5,6,6,9,2,1
30-November-2022,293698,4,3,1,8,7,4
01-December-2022,270396,9,4,3,1,10,2
02-December-2022,896167,4,6,4,1,9,5
03-December-2022,473297,6,4,3,4,1,10
04-December-2022,622228,2,2,1,10,7,3
05-December-2022,594030,2,4,8,1,8,9
06-December-2022,603907,7,9,1,6,9,8
07-December-2022,476675,7,5,7,7,9,7
08-December-2022,677419,2,10,9,8,8,2
09-December-2022,751620,8,7,6,2,6,3
10-December-2022,195036,6,9,6,7,8,3
11-December-2022,465983,2,3,10,6,1,9
12-December-2022,520214,4,3,5,3,5,7
13-December-2022,829491,8,10,1,2,9,5
14-December-2022,754081,7,5,5,9,6,10
15-December-2022,769974,9,2,5,6,7,5
16-December-2022,703471,9,6,6,5,10,5
17-December-2022,884489,2,3,9,10,3,3
18-December-2022,478895,6,2,6,1,4,8
19-December-2022,309045,6,5,9,8,8,10
20-December-2022,289176,2,3,10,5,5,8
21-December-2022,212791,9,5,7,3,7,1
22-December-2022,150477,8,4,2,3,3,4
23-December-2022,227863,1,5,3,1,6,4
24-December-2022,169074,8,7,8,8,4,7
25-December-2022,237971,1,5,2,6,10,5
26-December-2022,967784,6,5,10,2,3,5
27-December-2022,859259,7,8,8,1,6,8
28-December-2022,214096,5,6,5,1,8,6
29-December-2022,769265,2,6,5,9,9,2
30-December-2022,806219,2,6,3,10,2,2
31-December-2022,259925,5,2,7,7,6,8
01-January-2023,673215,3,3,6,3,4,10
02-January-2023,697023,9,6,6,1,6,7
03-January-2023,825245,1,6,2,9,1,3
04-January-2023,235548,5,2,10,8,10,6
05-January-2023,829783,4,8,6,1,8,1
06-January-2023,129177,4,10,10,7,7,6
07-January-2023,225885,1,10,4,7,3,7
08-January-2023,665886,3,7,10,10,10,8
09-January-2023,670474,9,1,5,9,7,6
10-January-2023,699910,9,6,1,5,8,1
11-January-2023,144539,5,5,5,1,4,7
12-January-2023,522034,6,1,2,3,10,2
13-January-2023,289981,4,6,3,6,1,5
14-January-2023,890581,4,8,9,1,10,10
15-January-2023,286861,5,2,4,5,3,10
16-January-2023,634255,3,6,2,7,3,1
17-January-2023,116554,5,9,8,8,10,4
18-January-2023,327216,8,9,9,2,9,4
19-January-2023,236433,2,2,1,2,4,9
20-January-2023,332073,7,10,4,9,8,10
21-January-2023,704947,4,1,8,6,5,6
22-January-2023,220378,7,7,4,8,5,3
23-January-2023,150650,8,5,10,9,9,9
24-January-2023,216469,1,6,4,8,7,7
25-January-2023,318488,7,10,8,10,7,4
27-January-2023,717052,4,10,1,9,6,5
28-January-2023,151451,6,4,6,1,10,8
29-January-2023,884555,5,1,7,6,10,1
30-January-2023,444962,6,3,10,9,7,1
31-January-2023,921967,5,1,3,10,10,2
01-February-2023,469188,4,7,2,9,7,3
02-February-2023,859990,3,8,10,1,4,9
03-February-2023,872135,9,3,7,9,5,5
04-February-2023,460671,6,9,2,8,8,9
05-February-2023,687726,2,9,3,5,4,9
06-February-2023,801517,1,7,6,9,4,5
07-February-2023,523203,1,7,8,2,3,4
08-February-2023,178704,3,8,5,9,10,7
09-February-2023,427933,2,2,1,8,1,3
10-February-2023,801915,3,3,6,10,6,3
11-February-2023,570506,1,5,1,1,3,8
12-February-2023,778890,6,10,2,5,6,7
13-February-2023,383099,5,8,5,8,10,7
14-February-2023,500807,7,7,3,2,4,1
15-February-2023,582888,9,3,8,10,2,3
16-February-2023,275132,4,2,7,3,9,5
17-February-2023,936161,6,4,9,10,4,8
18-February-2023,574518,8,6,2,2,2,7
19-February-2023,935284,1,4,9,2,5,8
20-February-2023,411264,4,9,4,10,3,10
21-February-2023,741556,1,8,10,8,3,4
22-February-2023,507642,3,4,4,6,6,3
23-February-2023,679755,7,5,8,5,4,9
24-February-2023,449050,7,1,10,2,10,5
25-February-2023,775052,1,9,4,10,10,6
26-February-2023,830529,2,4,5,7,5,1
27-February-2023,884098,9,4,6,3,3,4
28-February-2023,639965,8,6,5,6,9,4
01-March-2023,148407,5,7,1,5,5,3
02-March-2023,726145,3,1,2,4,4,7
03-March-2023,640222,1,9,6,4,9,1
04-March-2023,683576,9,7,7,8,6,7
05-March-2023,840504,1,3,3,10,1,6
06-March-2023,698752,8,5,2,1,8,7
07-March-2023,501963,2,9,7,8,7,6
08-March-2023,525247,9,7,6,3,9,6
09-March-2023,982748,1,6,3,9,10,3
10-March-2023,672485,6,2,10,3,8,4
11-March-2023,342893,4,1,10,1,4,7
12-March-2023,820555,6,1,2,5,2,3
13-March-2023,317032,3,1,3,3,3,1
14-March-2023,570994,7,7,7,6,5,3
15-March-2023,544194,9,1,6,9,10,10
16-March-2023,145424,3,10,9,6,7,10
17-March-2023,773104,3,9,2,4,7,10
18-March-2023,590641,3,6,3,8,4,5
19-March-2023,222282,4,6,8,6,8,2
20-March-2023,405795,1,3,7,9,4,9
21-March-2023,989926,5,3,6,8,7,8
22-March-2023,613551,6,5,6,1,5,1
23-March-2023,243910,6,8,10,9,9,6
24-March-2023,655771,3,6,8,2,2,4
25-March-2023,818775,1,6,7,10,10,1
26-March-2023,858713,9,4,10,10,8,7
27-March-2023,640613,8,4,8,5,10,10
28-March-2023,104268,5,4,6,6,8,9
29-March-2023,115501,9,8,9,8,5,3
30-March-2023,845711,5,8,10,1,7,10
31-March-2023,145621,4,10,10,5,6,10
01-April-2023,186093,9,7,9,7,3,8
02-April-2023,281760,1,10,5,8,9,8
03-April-2023,149590,8,3,2,9,1,10
04-April-2023,897532,5,5,2,10,5,6
05-April-2023,558473,1,1,9,4,8,6
06-April-2023,926437,1,5,2,10,2,6
07-April-2023,577530,8,8,9,6,10,2
08-April-2023,105514,3,5,2,10,6,9
09-April-2023,915617,7,8,10,6,10,9
10-April-2023,757116,5,4,8,2,10,5
11-April-2023,637317,1,7,10,9,10,5
12-April-2023,283635,6,4,4,9,4,7
13-April-2023,274506,9,2,9,4,9,8
14-April-2023,527783,5,2,7,1,2,9
15-April-2023,245982,4,9,2,8,10,4
16-April-2023,503494,5,4,2,5,4,3
17-April-2023,160541,3,4,3,6,8,5
18-April-2023,261095,1,10,9,3,2,1
19-April-2023,215003,9,4,6,10,4,7
20-April-2023,988739,6,5,7,8,1,5
21-April-2023,454248,4,9,4,1,3,4
22-April-2023,838002,3,7,6,1,6,5
23-April-2023,350526,3,3,8,7,3,7
24-April-2023,186792,1,1,4,1,3,3
25-April-2023,154189,9,9,2,7,6,1
26-April-2023,596424,6,9,8,6,1,2
27-April-2023,870227,8,4,6,8,10,9
28-April-2023,218162,5,3,2,6,2,8
29-April-2023,767856,2,6,1,7,3,7
30-April-2023,529705,3,3,8,6,2,2
02-May-2023,110270,3,1,9,1,9,5
03-May-2023,373171,8,7,7,6,10,4
04-May-2023,853989,6,7,10,1,3,3
05-May-2023,996627,2,9,7,7,1,1
06-May-2023,478568,4,4,8,4,2,3
07-May-2023,317545,6,3,1,10,9,4
08-May-2023,365438,9,6,2,4,7,6
09-May-2023,495979,3,7,10,5,8,6
10-May-2023,214912,8,7,1,10,8,9
11-May-2023,300259,7,2,4,3,1,1
12-May-2023,338068,9,9,2,1,7,4
13-May-2023,617055,5,9,1,10,3,4
14-May-2023,727745,8,9,10,8,6,10
15-May-2023,134718,6,2,3,10,3,6
16-May-2023,231968,1,10,3,8,8,10
17-May-2023,359775,7,3,2,2,4,4
18-May-2023,733300,4,7,6,6,1,5
19-May-2023,205122,7,1,8,1,3,6
20-May-2023,292825,9,1,3,7,10,9
21-May-2023,375239,7,4,7,7,8,2
22-May-2023,626621,5,2,9,4,2,7
23-May-2023,800219,1,3,6,6,4,3
24-May-2023,475588,6,5,5,8,5,4
25-May-2023,206025,8,5,9,3,1,4
26-May-2023,268290,9,4,8,9,3,5
27-May-2023,270100,9,1,8,6,4,10
28-May-2023,893279,4,6,7,4,9,7
29-May-2023,171902,4,4,2,7,1,9
30-May-2023,667585,4,9,4,1,2,9
31-May-2023,557075,2,8,10,3,7,10
01-June-2023,178792,3,3,9,8,7,1
02-June-2023,776177,3,10,2,7,3,2
03-June-2023,997147,4,6,9,10,5,10
04-June-2023,715068,5,7,2,5,1,3
05-June-2023,805408,2,2,10,1,5,10
06-June-2023,118475,4,8,7,10,9,4
07-June-2023,555546,6,4,3,6,5,8
08-June-2023,553722,9,10,2,1,9,3
09-June-2023,446962,5,4,7,8,2,10
10-June-2023,535092,4,3,1,4,1,10
11-June-2023,292517,4,2,3,7,1,2
12-June-2023,281483,9,2,1,4,5,4
13-June-2023,806465,4,7,5,10,3,3
14-June-2023,672019,8,5,4,9,2,2
15-June-2023,220333,6,2,2,4,4,5
16-June-2023,911065,6,1,9,6,4,3
17-June-2023,473576,4,7,8,7,4,8
18-June-2023,560758,4,9,3,1,9,8
19-June-2023,225511,4,3,5,9,9,3
20-June-2023,384524,7,6,1,10,6,5
21-June-2023,147476,1,3,7,4,6,4
22-June-2023,811533,5,2,6,6,2,9
23-June-2023,375528,3,7,6,10,2,9
24-June-2023,353848,9,7,2,5,1,10
25-June-2023,156756,1,10,7,6,4,2
26-June-2023,237744,1,7,9,10,6,6
27-June-2023,883030,4,4,4,2,7,1
28-June-2023,243582,5,3,10,7,1,6
29-June-2023,413209,1,2,10,2,8,1
30-June-2023,367419,6,6,6,2,7,10
01-July-2023,252671,2,8,5,2,2,7
02-July-2023,929054,6,5,3,7,9,5
03-July-2023,499106,4,4,10,5,2,4
04-July-2023,407917,9,9,2,1,7,5
05-July-2023,222850,8,7,5,6,1,2
06-July-2023,729568,2,10,3,5,7,1
07-July-2023,710702,9,1,9,1,5,5
08-July-2023,368035,5,6,2,2,1,9
09-July-2023,319431,9,4,9,1,10,9
10-July-2023,112188,1,10,7,4,1,7
11-July-2023,799001,3,3,3,5,8,3
12-July-2023,622799,1,6,7,8,6,3
13-July-2023,180011,5,6,2,2,1,7
14-July-2023,409163,2,7,1,5,8,8
15-July-2023,652887,2,2,7,7,7,6
16-July-2023,232487,6,7,10,9,10,10
17-July-2023,271752,9,6,1,7,6,8
18-July-2023,940290,6,1,1,1,8,4
19-July-2023,632466,6,3,8,2,9,3
20-July-2023,116708,5,9,6,7,5,8
21-July-2023,737184,3,1,9,7,2,8
22-July-2023,444543,8,7,3,2,2,3
23-July-2023,495486,9,5,9,4,8,1
24-July-2023,168108,7,3,7,4,8,8
25-July-2023,832474,5,5,6,6,9,8
26-July-2023,200261,5,1,2,8,6,5
27-July-2023,674851,3,5,6,3,3,10
28-July-2023,265260,6,9,9,7,7,6
29-July-2023,169699,8,10,6,4,1,7
30-July-2023,528455,6,3,1,8,2,8
31-July-2023,998231,1,4,10,8,3,9
01-August-2023,939503,9,8,9,8,9,8
02-August-2023,241754,3,7,8,1,8,7
03-August-2023,255835,9,6,6,4,3,6
04-August-2023,280459,9,1,5,9,7,2
05-August-2023,445814,1,3,5,1,9,2
06-August-2023,523562,4,1,2,5,8,7
07-August-2023,484827,5,6,9,5,8,2
08-August-2023,434230,9,6,10,7,8,2
09-August-2023,206200,8,1,8,10,9,10
10-August-2023,409074,1,10,7,1,9,9
11-August-2023,698536,2,1,1,7,2,4
12-August-2023,919608,3,7,9,6,9,8
13-August-2023,586813,8,5,3,9,7,1
14-August-2023,917956,1,5,9,4,1,1
16-August-2023,131422,2,1,6,5,5,3
17-August-2023,254298,1,3,7,8,3,5
18-August-2023,570940,5,3,4,7,8,9
19-August-2023,857457,8,7,3,5,4,8
20-August-2023,624370,8,5,3,3,1,2
21-August-2023,965359,3,7,9,10,9,7
22-August-2023,814004,7,4,1,6,2,2
23-August-2023,407756,6,2,7,8,8,4
24-August-2023,188354,7,3,9,6,10,6
25-August-2023,798958,3,8,10,2,10,2
26-August-2023,195777,6,10,3,2,1,7
27-August-2023,258961,1,1,7,8,6,6
28-August-2023,255746,9,10,3,2,9,9
30-August-2023,247429,9,4,8,3,9,4
31-August-2023,528544,5,1,9,6,1,2
01-September-2023,516437,9,1,2,4,7,9
02-September-2023,710771,6,10,6,7,8,6
03-September-2023,738617,9,1,2,5,8,4
04-September-2023,852356,2,3,6,1,1,5
05-September-2023,210777,5,6,2,4,1,5
06-September-2023,603113,3,2,7,7,8,4
07-September-2023,867769,1,4,6,3,8,5
08-September-2023,902067,2,6,5,2,10,1
09-September-2023,202737,3,10,10,8,6,10
10-September-2023,704626,2,10,8,5,2,5
11-September-2023,190927,6,1,4,3,10,5
12-September-2023,924418,7,6,6,5,4,3
13-September-2023,272581,3,8,2,6,5,3
14-September-2023,329221,7,2,3,2,1,10
15-September-2023,943012,8,9,6,1,4,2
16-September-2023,816456,7,2,7,1,1,7
17-September-2023,516213,1,10,10,8,9,9
18-September-2023,322904,2,9,4,7,3,7
19-September-2023,374277,9,8,8,3,9,9
20-September-2023,230662,2,4,4,4,6,8
21-September-2023,511035,5,9,9,7,6,9
22-September-2023,723519,6,9,8,7,6,2
23-September-2023,873084,2,8,10,3,5,2
24-September-2023,755357,7,7,8,4,6,9
25-September-2023,390862,5,9,5,8,7,8
26-September-2023,364446,9,3,6,9,9,7
27-September-2023,435072,3,5,9,9,5,3
28-September-2023,588588,4,4,7,7,3,5
29-September-2023,203263,4,7,5,2,3,1
30-September-2023,713201,2,8,10,10,5,2
01-October-2023,933826,4,1,10,3,3,9
03-October-2023,787439,5,4,6,9,8,4
04-October-2023,682046,1,10,5,9,3,6
05-October-2023,294042,6,8,8,10,10,3
06-October-2023,929546,6,6,5,7,10,7
07-October-2023,622156,6,10,7,8,4,10
08-October-2023,197092,5,4,5,5,8,3
09-October-2023,929441,7,6,8,1,8,8
10-October-2023,427128,4,10,2,4,9,7
11-October-2023,303966,6,3,4,1,2,2
12-October-2023,409033,3,10,4,4,6,9
13-October-2023,129409,7,7,10,1,9,5
14-October-2023,128210,9,10,1,8,7,3
15-October-2023,905786,7,3,3,9,5,3
16-October-2023,250899,3,2,5,4,4,4
17-October-2023,489862,1,1,1,10,9,9
18-October-2023,600110,2,7,9,3,2,4
19-October-2023,200159,6,10,10,10,1,7
20-October-2023,857079,4,2,3,5,1,10
21-October-2023,732899,7,7,5,2,7,10
22-October-2023,974984,4,6,8,4,6,2
23-October-2023,824552,7,2,10,1,6,7
24-October-2023,220689,5,10,4,6,4,1
25-October-2023,764308,2,7,6,1,8,4
26-October-2023,261309,7,10,3,10,10,6
27-October-2023,325587,7,3,6,3,2,1
28-October-2023,546802,7,9,9,5,8,8
29-October-2023,519598,9,2,7,5,6,5
30-October-2023,465665,5,6,4,6,9,4
31-October-2023,226992,8,3,9,3,1,1
01-November-2023,839068,4,2,7,4,9,5
02-November-2023,743048,7,7,6,10,9,10
03-November-2023,131102,6,3,2,5,6,5
04-November-2023,532364,6,10,9,9,5,3
05-November-2023,435030,5,10,7,6,6,1
06-November-2023,596004,4,2,9,10,9,9
07-November-2023,948626,1,5,8,3,3,4
08-November-2023,302095,1,4,6,7,3,2
09-November-2023,864867,6,4,8,2,9,3
10-November-2023,905089,2,6,9,8,7,9
11-November-2023,690197,6,1,5,5,4,1
12-November-2023,482230,7,2,8,4,5,2
13-November-2023,695529,2,8,7,8,2,7
14-November-2023,810616,1,7,5,6,4,6
15-November-2023,772087,7,7,8,7,5,5
16-November-2023,556302,3,7,6,4,8,8
17-November-2023,278342,4,3,8,10,4,10
18-November-2023,665263,3,9,3,5,1,6
19-November-2023,588401,2,9,7,2,5,2
20-November-2023,627833,7,4,1,1,1,8
21-November-2023,958011,3,5,9,8,6,2
22-November-2023,253199,3,10,5,5,9,3
23-November-2023,507803,5,8,6,7,4,5
24-November-2023,965999,1,4,2,4,6,5
25-November-2023,873729,7,1,2,2,7,10
26-November-2023,137452,4,4,6,3,5,9
27-November-2023,744599,3,7,3,6,8,1
28-November-2023,748787,9,10,6,1,6,1
29-November-2023,547717,3,10,1,10,5,10
30-November-2023,110927,3,2,7,8,6,10
01-December-2023,252839,1,4,8,6,8,9
02-December-2023,172877,8,3,10,10,8,1
03-December-2023,240107,1,1,2,3,1,10
04-December-2023,556511,5,6,4,2,7,6
05-December-2023,780640,6,1,6,6,7,6
06-December-2023,500192,3,7,10,2,2,6
07-December-2023,528870,9,7,2,7,3,4
08-December-2023,664947,7,7,4,4,5,8
09-December-2023,108952,5,6,6,10,4,8
10-December-2023,480566,2,3,8,1,7,7
11-December-2023,633441,2,6,7,4,9,1
12-December-2023,374715,4,6,9,7,3,1
13-December-2023,787010,4,8,7,2,10,5
14-December-2023,526666,3,4,1,3,8,3
15-December-2023,421787,5,10,5,5,7,5
16-December-2023,256541,8,5,5,9,2,6
17-December-2023,827159,4,5,9,8,4,3
18-December-2023,648063,8,9,9,5,7,5
19-December-2023,185783,5,7,3,8,7,10
20-December-2023,605976,4,7,10,8,7,1
21-December-2023,953828,3,2,2,6,4,8
22-December-2023,704186,5,8,9,3,9,2
23-December-2023,674793,1,5,10,3,4,9
24-December-2023,227161,6,2,7,7,9,2
25-December-2023,827010,4,10,10,5,2,6
26-December-2023,725817,7,10,2,2,10,8
27-December-2023,492775,8,4,3,6,2,7
28-December-2023,919223,5,7,3,1,4,7
29-December-2023,470962,4,7,9,7,2,4
30-December-2023,686743,2,8,4,2,9,6
31-December-2023,450400,7,9,6,3,6,8
01-January-2024,265900,8,2,5,5,10,10
02-January-2024,823141,4,3,2,9,4,4
03-January-2024,358882,3,5,5,7,8,2
04-January-2024,107873,1,8,1,10,7,6
05-January-2024,177277,9,5,10,7,10,6
06-January-2024,373074,8,10,4,1,10,1
07-January-2024,933564,8,4,10,7,6,10
08-January-2024,329226,1,8,4,2,8,4
09-January-2024,761080,4,7,8,1,9,7
10-January-2024,197551,6,7,4,7,6,4
11-January-2024,174603,9,4,3,6,2,8
12-January-2024,175777,9,10,9,5,9,6
13-January-2024,322071,8,2,3,2,10,6
14-January-2024,668146,5,7,4,5,5,9
15-January-2024,386468,4,9,2,6,1,8
16-January-2024,857442,6,9,9,10,9,5
17-January-2024,769255,7,2,8,8,4,9
18-January-2024,544098,3,2,5,1,8,6
19-January-2024,402226,5,4,2,9,7,2
20-January-2024,707363,1,10,5,5,2,9
21-January-2024,463774,8,4,4,4,4,7
22-January-2024,689912,2,9,4,8,8,7
23-January-2024,637137,9,6,2,9,4,2
24-January-2024,224091,6,8,3,5,5,6
25-January-2024,633955,3,2,1,6,2,1
27-January-2024,208488,6,1,5,5,4,6
28-January-2024,220001,9,7,8,9,8,3
29-January-2024,905477,6,3,5,1,9,4
30-January-2024,393750,1,1,2,7,9,2
31-January-2024,619922,5,7,4,8,5,6
01-February-2024,177570,5,7,2,1,6,4
02-February-2024,737744,3,4,10,1,5,9
03-February-2024,525224,3,8,2,1,9,10
04-February-2024,350822,2,5,5,3,10,7
05-February-2024,586971,7,1,4,4,6,8
06-February-2024,206642,4,7,10,7,5,2
07-February-2024,194901,8,1,2,3,6,8
08-February-2024,313959,8,7,1,10,8,3
09-February-2024,451246,3,4,2,3,6,6
10-February-2024,690364,2,9,1,5,1,6
11-February-2024,297608,6,10,3,9,5,2
12-February-2024,272099,9,4,5,7,6,6
13-February-2024,588585,5,8,4,7,6,8
14-February-2024,243485,4,3,5,4,10,10
15-February-2024,299857,9,5,4,1,6,3
16-February-2024,504089,5,9,5,8,4,9
17-February-2024,380682,2,3,4,3,10,9
18-February-2024,209399,2,7,1,1,4,1
19-February-2024,544773,5,6,5,4,3,5
20-February-2024,575087,9,9,9,2,3,6
21-February-2024,295690,4,6,10,3,4,2
22-February-2024,329554,7,6,6,4,2,9
23-February-2024,361894,9,7,8,5,8,10
24-February-2024,136339,1,5,5,2,5,8
25-February-2024,135575,9,10,1,3,8,8
26-February-2024,734959,3,10,1,9,9,2
27-February-2024,640265,1,7,4,3,7,8
28-February-2024,738928,8,3,2,7,8,6
29-February-2024,299699,7,2,9,7,3,6
01-March-2024,889140,4,2,10,2,8,3
02-March-2024,886529,9,10,3,2,9,7
03-March-2024,750171,7,9,6,8,6,7
04-March-2024,506100,3,8,4,10,1,6
05-March-2024,959785,1,2,7,3,2,5
06-March-2024,209861,3,8,10,4,3,9
07-March-2024,649925,3,6,10,4,8,1
08-March-2024,779092,8,9,10,4,3,1
09-March-2024,594080,3,6,5,10,6,4
10-March-2024,945870,1,5,9,2,7,10
11-March-2024,420764,4,1,5,6,6,9
12-March-2024,243795,8,9,7,10,1,6
13-March-2024,263834,9,8,10,4,5,4
14-March-2024,146330,8,2,7,2,10,1
15-March-2024,928702,7,1,8,4,9,6
16-March-2024,177710,2,8,1,10,7,4
17-March-2024,232237,1,4,5,1,4,8
18-March-2024,679765,3,6,3,9,4,7
19-March-2024,519006,2,3,10,2,5,8
20-March-2024,813150,8,10,6,5,8,7
21-March-2024,171484,4,7,2,6,4,9
22-March-2024,208934,1,5,3,5,9,10
23-March-2024,640177,3,6,8,9,8,9
24-March-2024,175020,5,9,5,5,4,2
25-March-2024,548159,6,1,7,5,5,7
26-March-2024,648015,7,10,10,5,9,8
27-March-2024,308797,4,4,10,8,9,3
28-March-2024,675683,5,5,3,5,6,4
29-March-2024,581618,2,8,4,10,5,9
30-March-2024,160502,3,1,1,4,3,5
31-March-2024,884507,5,9,6,10,10,2
01-April-2024,202833,5,7,2,5,1,4
02-April-2024,161209,8,4,1,7,9,5
03-April-2024,506256,6,6,5,10,8,6
04-April-2024,392107,2,1,4,6,2,5
05-April-2024,994936,8,10,8,1,1,5
06-April-2024,915887,9,7,9,6,1,5
07-April-2024,174158,2,7,1,3,6,3
08-April-2024,644531,4,1,10,2,3,3
09-April-2024,917452,3,2,7,4,7,2
10-April-2024,744948,5,8,3,5,6,5
11-April-2024,239751,7,3,5,2,4,3
12-April-2024,407408,1,1,2,3,2,7
13-April-2024,409399,9,10,8,3,6,6
14-April-2024,193350,7,1,6,10,2,3
15-April-2024,129908,9,6,4,2,2,1
16-April-2024,107035,9,3,2,4,1,4
17-April-2024,239020,1,9,8,10,2,5
18-April-2024,444254,1,7,5,9,5,9
19-April-2024,278421,8,9,6,2,5,5
20-April-2024,942669,6,1,6,2,2,3
21-April-2024,897550,7,5,5,4,3,3
22-April-2024,650269,8,1,7,2,7,7
23-April-2024,243262,6,4,7,10,10,9
24-April-2024,500552,5,4,3,8,3,10
25-April-2024,835041,8,9,5,3,6,8
27-April-2024,856295,9,3,9,9,2,1
28-April-2024,815501,9,6,1,8,4,9
29-April-2024,479772,6,7,6,1,9,2
30-April-2024,720388,1,2,9,6,3,5
02-May-2024,168524,6,7,2,3,1,8
03-May-2024,970249,7,1,8,2,1,8
04-May-2024,904183,9,5,6,6,8,5
05-May-2024,499424,4,1,5,6,1,7
06-May-2024,618789,2,7,1,7,9,8
07-May-2024,870457,1,7,8,3,6,1
08-May-2024,606517,8,5,4,6,9,10
09-May-2024,815510,1,8,1,10,10,2
10-May-2024,488286,6,5,7,2,5,3
11-May-2024,998730,5,8,10,9,9,7
12-May-2024,248577,3,5,10,9,8,8
13-May-2024,743663,2,10,5,6,6,4
14-May-2024,758528,9,6,5,4,8,9
15-May-2024,348822,5,4,10,5,10,5
16-May-2024,450101,3,6,8,3,7,8
17-May-2024,432775,9,7,8,3,9,1
18-May-2024,110135,7,9,2,7,2,10
19-May-2024,564449,6,6,6,6,3,2
20-May-2024,808574,8,6,6,6,5,2
21-May-2024,486319,6,3,2,7,8,8
22-May-2024,179242,7,2,7,5,7,9
23-May-2024,549427,6,1,10,2,9,2
24-May-2024,533367,9,3,6,3,2,10
25-May-2024,692542,7,2,1,3,9,8
26-May-2024,592783,2,10,10,1,8,6
27-May-2024,420244,5,6,2,1,2,7
28-May-2024,986255,5,6,4,10,4,6
29-May-2024,490987,4,8,6,7,4,3
30-May-2024,879035,3,4,1,4,9,7
31-May-2024,676585,8,10,3,7,1,10
01-June-2024,915949,3,3,1,9,2,2
02-June-2024,235952,3,1,10,10,4,9
03-June-2024,833495,4,10,2,5,8,9
04-June-2024,519665,1,9,4,2,9,10
05-June-2024,472138,5,7,7,2,6,6
06-June-2024,203578,8,5,9,2,8,10
07-June-2024,585205,5,3,8,2,1,4
08-June-2024,484910,5,10,1,7,7,5
09-June-2024,565734,4,1,9,2,4,9
10-June-2024,384889,2,9,1,4,1,8
11-June-2024,372274,9,2,2,7,7,2
12-June-2024,626574,5,2,6,8,10,10
13-June-2024,994542,3,4,2,10,5,7
14-June-2024,579555,8,4,5,10,4,9
15-June-2024,860099,8,9,9,3,8,2
16-June-2024,145065,4,2,5,10,9,8
17-June-2024,861210,5,8,4,9,2,5
18-June-2024,645637,8,2,6,4,4,8
19-June-2024,425176,7,1,10,2,8,5
20-June-2024,478754,9,8,7,3,9,6
21-June-2024,578950,4,10,10,8,10,1
22-June-2024,505251,9,5,3,3,10,4
23-June-2024,502380,9,10,3,5,4,6
24-June-2024,600639,7,10,2,9,9,7
25-June-2024,918494,3,8,2,8,5,2
26-June-2024,745885,5,8,3,1,6,6
27-June-2024,575824,3,9,10,10,1,4
28-June-2024,903276,1,5,2,7,6,4
29-June-2024,947440,9,6,6,2,5,7
30-June-2024,585027,8,7,2,9,9,8
01-July-2024,554372,9,9,1,4,6,8
02-July-2024,252192,4,10,2,1,7,10
03-July-2024,236912,9,7,6,1,1,10
04-July-2024,194682,8,2,2,7,5,10
05-July-2024,501811,6,9,3,9,5,8
06-July-2024,978869,1,5,3,10,8,3
07-July-2024,456729,4,7,2,6,8,10
08-July-2024,918331,5,6,8,6,8,7
09-July-2024,998954,9,3,10,2,7,5
10-July-2024,485553,4,2,3,1,10,3
11-July-2024,502904,4,7,3,9,2,7
12-July-2024,517538,9,8,5,1,1,2
13-July-2024,785784,6,5,2,1,1,8
14-July-2024,563324,3,1,2,6,1,10
15-July-2024,114832,3,4,9,8,8,7
16-July-2024,949878,7,8,5,10,8,5
17-July-2024,230272,3,3,9,7,10,5
18-July-2024,730904,2,10,10,7,1,3
19-July-2024,901844,4,1,9,6,4,10
20-July-2024,776535,5,5,5,5,7,6
21-July-2024,307150,5,5,9,8,7,5
22-July-2024,930353,8,9,7,9,10,2
23-July-2024,118247,2,9,2,5,6,6
24-July-2024,506060,6,2,2,1,1,2
25-July-2024,339801,2,9,7,2,5,4
26-July-2024,954802,8,3,5,10,10,2
27-July-2024,920716,9,5,4,6,7,7
28-July-2024,208368,3,3,2,6,8,8
29-July-2024,323721,7,7,5,4,8,3
30-July-2024,285478,2,6,8,3,6,7
31-July-2024,769524,2,1,6,6,4,8
01-August-2024,128212,6,3,1,2,4,7
02-August-2024,377253,8,8,1,10,1,6
03-August-2024,254528,2,7,3,8,5,9
04-August-2024,622939,3,5,2,9,8,6
05-August-2024,724506,8,10,8,1,9,6
06-August-2024,347993,5,9,7,9,6,9
07-August-2024,338038,9,3,9,4,5,9
08-August-2024,395751,9,2,3,8,7,3
09-August-2024,884654,6,2,1,5,10,5
10-August-2024,336876,3,6,8,9,1,4
11-August-2024,990451,8,2,6,9,9,1
12-August-2024,389773,1,2,1,7,1,8
13-August-2024,853246,6,9,6,1,5,1
14-August-2024,473769,6,3,10,9,1,4
16-August-2024,675974,2,10,8,8,4,2
17-August-2024,320720,4,2,5,2,4,1
18-August-2024,486782,3,6,4,10,9,6
19-August-2024,373000,6,2,3,2,8,4
20-August-2024,942404,8,1,1,1,10,9
21-August-2024,427542,4,1,5,6,4,7
22-August-2024,280026,8,6,7,3,9,7
23-August-2024,609915,3,7,1,6,4,2
24-August-2024,579652,2,5,10,7,1,1
25-August-2024,490210,5,6,9,6,9,4
26-August-2024,770249,1,4,10,10,7,7
27-August-2024,386415,5,8,4,2,3,8
28-August-2024,188982,1,10,8,5,5,1
29-August-2024,602476,4,7,6,5,7,7
30-August-2024,134257,5,9,8,8,9,5
31-August-2024,895595,5,2,9,8,8,7
01-September-2024,267803,5,3,8,5,4,7
02-September-2024,315068,7,4,2,8,5,9
03-September-2024,848007,6,8,7,10,5,7
04-September-2024,298935,5,5,10,6,1,7
05-September-2024,649722,3,5,9,2,2,1
06-September-2024,211295,6,2,8,1,3,9
07-September-2024,845385,4,8,6,5,6,10
08-September-2024,240975,5,10,5,2,7,10
09-September-2024,181272,8,7,9,3,10,1
10-September-2024,416465,2,5,5,2,6,9
11-September-2024,809978,3,2,7,5,4,6
12-September-2024,329312,3,7,10,8,8,5
13-September-2024,834020,6,2,5,6,6,4
14-September-2024,475528,6,6,9,7,10,1
16-September-2024,376244,6,10,9,2,1,8
17-September-2024,129053,1,2,7,1,4,3
18-September-2024,706001,3,3,3,10,2,2
19-September-2024,178754,6,5,8,8,8,5
20-September-2024,898315,5,6,10,6,9,6
21-September-2024,644906,8,5,4,2,3,8
22-September-2024,637750,9,3,7,2,8,7
23-September-2024,655547,9,3,2,9,6,8
24-September-2024,615458,9,6,10,4,4,3
25-September-2024,212949,6,10,3,5,6,6
26-September-2024,689904,3,5,3,10,6,2
27-September-2024,948447,3,3,1,5,4,9
28-September-2024,345463,1,10,3,10,1,4
29-September-2024,681579,5,7,4,6,4,5
30-September-2024,752253,8,9,9,2,9,5
01-October-2024,115043,6,6,7,1,6,10
03-October-2024,376453,8,7,9,1,4,10
04-October-2024,506852,7,5,10,1,10,4
05-October-2024,790019,6,1,6,8,9,1
06-October-2024,485746,8,2,5,8,7,6
07-October-2024,768946,1,1,7,8,10,10
08-October-2024,121169,6,3,7,9,1,4
09-October-2024,434222,2,2,7,4,8,9
10-October-2024,937679,5,10,7,4,6,1
11-October-2024,967262,9,5,10,6,6,9
12-October-2024,969212,9,10,8,10,2,10
13-October-2024,127562,2,3,2,8,8,10
14-October-2024,319632,8,1,8,6,6,10
15-October-2024,348922,9,8,1,3,2,10
16-October-2024,478593,3,9,10,1,3,6
17-October-2024,759965,1,7,9,9,9,3
18-October-2024,961469,4,2,8,5,10,2
19-October-2024,107065,2,6,4,9,10,8
20-October-2024,909787,7,10,8,8,7,3
21-October-2024,285065,3,3,4,2,3,7
22-October-2024,612385,3,5,3,4,7,10
23-October-2024,180542,5,5,2,3,2,1
24-October-2024,566681,6,1,4,6,8,8
25-October-2024,336842,2,5,10,9,2,2
26-October-2024,819787,6,9,7,6,8,2
27-October-2024,432099,6,1,7,2,4,9
28-October-2024,537132,4,10,5,5,5,9
29-October-2024,428899,5,8,9,7,5,1
30-October-2024,314374,6,1,4,2,3,2
31-October-2024,252136,2,4,2,1,2,4
01-November-2024,619722,3,6,3,3,2,3
02-November-2024,133089,5,1,6,2,9,1
03-November-2024,507742,6,1,6,8,2,9
04-November-2024,281146,4,3,6,7,10,7
05-November-2024,770782,2,2,1,3,8,3
06-November-2024,167165,6,9,3,7,3,9
07-November-2024,305326,8,6,2,9,8,8
08-November-2024,524074,7,7,1,6,6,6
09-November-2024,506517,9,3,8,7,8,9
10-November-2024,117591,3,8,9,10,9,6
11-November-2024,590871,6,3,7,5,3,10
12-November-2024,538427,9,8,2,9,4,4
13-November-2024,824838,8,8,4,1,8,3
14-November-2024,872247,9,8,2,7,3,7
15-November-2024,297425,5,6,5,2,9,7
16-November-2024,729245,2,6,8,8,1,10
17-November-2024,759139,9,5,10,6,7,2
18-November-2024,826729,2,5,3,3,2,10
19-November-2024,227485,5,10,9,3,9,8
20-November-2024,429216,1,10,8,8,5,8
21-November-2024,592907,4,4,7,7,3,5
22-November-2024,630165,7,8,2,9,5,7
23-November-2024,523994,2,8,7,1,1,4
24-November-2024,260287,4,7,3,3,6,9
25-November-2024,619287,3,4,1,10,10,10
26-November-2024,149503,5,8,10,8,8,4
27-November-2024,574899,6,9,5,5,6,5
28-November-2024,188169,3,8,6,3,9,10
29-November-2024,346652,8,3,2,8,3,9
30-November-2024,429654,3,1,7,10,10,3
01-December-2024,506035,4,3,3,7,3,6
02-December-2024,334811,2,9,2,2,6,9
03-December-2024,723784,4,8,1,6,5,5
04-December-2024,325526,5,10,8,9,1,4
05-December-2024,829065,6,10,6,3,2,2
06-December-2024,710229,7,1,9,9,8,2
07-December-2024,652161,1,4,8,6,2,7
08-December-2024,966347,3,2,6,9,9,4
09-December-2024,819745,7,4,7,4,10,7
10-December-2024,928561,2,9,1,9,1,9
11-December-2024,701324,5,3,7,7,8,5
12-December-2024,946089,4,6,5,6,9,8
13-December-2024,346716,1,10,10,8,5,6
14-December-2024,998200,8,5,8,1,3,7
15-December-2024,728864,5,6,10,3,5,9
16-December-2024,545874,3,9,3,10,4,10
17-December-2024,627505,7,1,8,5,1,6
18-December-2024,728408,8,10,9,4,10,6
19-December-2024,331110,5,2,7,4,7,9
20-December-2024,654969,5,3,7,1,8,7
21-December-2024,829857,1,5,5,6,3,1
22-December-2024,936651,2,2,3,1,10,6
23-December-2024,283251,3,4,3,6,10,10
24-December-2024,358098,7,9,5,1,8,7
25-December-2024,105427,1,8,3,1,7,7
26-December-2024,999699,7,1,6,2,3,9
27-December-2024,648809,6,5,1,9,4,10
28-December-2024,174096,5,9,4,8,6,6
29-December-2024,173765,9,10,1,8,9,2
30-December-2024,655342,4,7,8,6,9,1
31-December-2024,841794,1,4,4,4,2,3
01-January-2025,379675,3,9,2,5,3,6
02-January-2025,171048,1,10,8,7,5,6
03-January-2025,827858,5,2,4,2,4,10
04-January-2025,258521,5,5,9,5,5,3
05-January-2025,840995,4,4,8,9,3,1
06-January-2025,918188,2,2,2,9,6,6
07-January-2025,193404,2,3,5,6,8,8
08-January-2025,303156,8,9,10,4,8,4
09-January-2025,370854,9,5,3,7,10,6
10-January-2025,525727,7,2,5,6,5,9
11-January-2025,495793,5,4,10,10,3,4
12-January-2025,846639,3,5,9,5,5,5
13-January-2025,602998,8,4,4,3,5,4
14-January-2025,641769,9,6,1,2,9,6
15-January-2025,753116,8,6,8,7,2,6
16-January-2025,586929,3,1,7,1,6,4
17-January-2025,873570,8,2,3,1,6,3
18-January-2025,584474,1,8,9,4,10,9
19-January-2025,278750,4,2,6,7,9,1
20-January-2025,123416,8,2,5,3,9,3
21-January-2025,544509,6,9,9,6,3,4
22-January-2025,761270,6,8,3,2,9,3
23-January-2025,236460,7,5,5,2,6,10
24-January-2025,603275,3,1,3,8,4,5
25-January-2025,162254,5,4,1,10,9,4
27-January-2025,933705,7,5,9,9,2,6
28-January-2025,610554,6,9,3,9,8,4
29-January-2025,378982,4,7,2,9,4,7
30-January-2025,108857,1,5,10,6,6,2
31-January-2025,318374,8,8,10,2,1,1
01-February-2025,344245,9,8,4,5,5,6
02-February-2025,706478,4,4,8,2,5,6
03-February-2025,213866,7,8,3,1,6,2
04-February-2025,726092,2,9,7,8,1,3
05-February-2025,387132,5,6,9,5,5,10
06-February-2025,706299,4,7,1,4,5,1
07-February-2025,402137,8,10,4,6,5,1
08-February-2025,876484,3,5,6,6,1,1
09-February-2025,323600,3,2,3,2,8,1
10-February-2025,740168,4,9,3,2,5,1
11-February-2025,838612,2,3,2,8,2,5
12-February-2025,456282,6,3,2,6,5,10
13-February-2025,678480,2,3,8,2,10,4
14-February-2025,475398,7,10,3,3,4,1
15-February-2025,694997,2,6,1,2,10,7
16-February-2025,401876,7,9,3,6,3,5
17-February-2025,472768,9,5,9,6,6,8
18-February-2025,678890,2,10,4,4,1,9
19-February-2025,249155,6,1,9,3,2,5
20-February-2025,665237,3,8,4,4,3,3
21-February-2025,286610,6,9,9,4,6,2
22-February-2025,945869,6,3,1,9,8,7
23-February-2025,300562,1,4,5,5,10,9
24-February-2025,224496,2,7,6,4,1,7
25-February-2025,479575,1,8,5,6,3,2
26-February-2025,400431,9,5,9,4,2,9
27-February-2025,332063,6,9,8,9,4,8
28-February-2025,627991,5,8,5,6,1,2
01-March-2025,242127,6,9,5,9,7,4
02-March-2025,304976,7,4,8,1,6,5
03-March-2025,155804,1,2,9,6,1,6
04-March-2025,279979,1,3,6,4,9,8
05-March-2025,796564,2,6,3,1,6,2
06-March-2025,639432,1,8,7,4,6,7
07-March-2025,789821,8,4,10,1,2,8
08-March-2025,264145,7,1,5,3,1,1
09-March-2025,864255,4,10,10,4,4,10
10-March-2025,209581,5,6,5,8,4,9
11-March-2025,602245,3,10,7,2,2,1
12-March-2025,375864,4,5,7,3,1,4
13-March-2025,824501,6,2,1,5,5,5
14-March-2025,379448,3,8,5,4,4,7
15-March-2025,438123,3,4,1,4,9,1
16-March-2025,498089,9,2,10,5,9,5
17-March-2025,659533,2,1,9,7,9,5
18-March-2025,237071,6,7,2,3,8,2
19-March-2025,748920,2,7,9,6,4,6
20-March-2025,379356,5,9,9,8,5,3
21-March-2025,388649,9,8,1,9,6,4
22-March-2025,906545,8,7,2,4,10,8
23-March-2025,707158,5,10,9,8,4,6
24-March-2025,458016,8,2,9,5,9,2
25-March-2025,273137,8,3,5,5,4,5
26-March-2025,471230,1,10,2,4,10,2
27-March-2025,997621,5,6,4,4,2,4
28-March-2025,191941,2,10,6,3,1,10
29-March-2025,420046,2,6,1,4,10,9
30-March-2025,422035,9,10,8,10,7,2
31-March-2025,368845,6,7,4,2,3,10
01-April-2025,460124,3,10,8,3,9,4
02-April-2025,513715,4,4,7,3,4,6
03-April-2025,345148,2,8,8,7,7,6
04-April-2025,216211,2,2,9,4,3,3
05-April-2025,928155,6,9,8,6,1,1
06-April-2025,465907,4,7,3,1,2,3
07-April-2025,808430,3,6,7,5,1,2
08-April-2025,298420,5,1,10,10,2,10
09-April-2025,237122,9,8,1,4,10,6
10-April-2025,265809,9,5,2,7,7,1
11-April-2025,210935,9,4,5,4,1,8
12-April-2025,871330,4,7,9,8,10,5
13-April-2025,659096,8,7,2,6,5,3
14-April-2025,368974,4,2,1,6,3,6
15-April-2025,216120,2,4,2,9,4,1
16-April-2025,579460,5,7,7,6,2,10
17-April-2025,351400,2,7,8,10,5,10
19-April-2025,394770,9,9,7,7,9,10
20-April-2025,888919,6,2,6,8,8,7
21-April-2025,720120,7,4,8,9,6,3
22-April-2025,964505,4,7,6,2,7,5
23-April-2025,383226,1,9,1,2,3,8
24-April-2025,240522,2,3,3,8,10,3
25-April-2025,854962,4,6,6,9,2,10
26-April-2025,327499,3,5,7,5,1,1
27-April-2025,602570,5,3,5,6,3,3
28-April-2025,889640,1,3,3,6,5,10
29-April-2025,520423,1,4,9,8,9,2
30-April-2025,620900,7,10,10,5,7,8
02-May-2025,726828,8,10,4,6,3,1
03-May-2025,179430,6,8,7,9,8,9
04-May-2025,829012,5,2,10,9,6,6
05-May-2025,500505,1,3,9,7,3,9
06-May-2025,560215,9,4,10,2,7,10
07-May-2025,819735,8,4,1,9,4,10
08-May-2025,782442,7,5,7,3,3,1
09-May-2025,339320,5,6,3,3,9,4
10-May-2025,173629,1,6,6,9,10,7
11-May-2025,368535,8,9,5,4,8,8
12-May-2025,870939,6,1,8,9,10,2
13-May-2025,502746,1,5,8,2,3,6
14-May-2025,503860,9,10,9,4,1,7
15-May-2025,527523,9,7,6,5,8,2
16-May-2025,528610,9,10,9,6,4,8
17-May-2025,693615,7,4,5,10,10,5
18-May-2025,400420,7,9,3,8,6,5
19-May-2025,586755,4,3,4,7,5,5
20-May-2025,788753,6,10,8,10,10,7
21-May-2025,193208,6,8,5,1,2,9
22-May-2025,307617,8,9,6,4,7,7
23-May-2025,171439,1,5,6,8,4,9
24-May-2025,671411,4,10,10,10,6,7
25-May-2025,245048,6,1,6,9,7,7
26-May-2025,480956,1,7,5,6,4,2
27-May-2025,423134,9,4,7,9,3,6
28-May-2025,204266,8,3,9,4,4,4
29-May-2025,318249,7,8,6,10,9,4
30-May-2025,325948,9,9,3,7,10,4
31-May-2025,514655,7,1,1,7,4,4
01-June-2025,301061,2,2,3,7,7,9
02-June-2025,860290,6,4,1,9,1,6
03-June-2025,145650,4,2,5,4,2,10
04-June-2025,103715,9,4,2,5,9,5
05-June-2025,387017,8,3,6,2,10,3
06-June-2025,133796,1,6,4,8,9,5
07-June-2025,164909,9,5,9,8,4,4
08-June-2025,187348,9,9,7,8,4,4
09-June-2025,420044,2,4,7,6,10,8
10-June-2025,178246,7,8,2,9,10,4
11-June-2025,182932,9,8,6,7,7,3
12-June-2025,782804,3,10,10,6,9,3
13-June-2025,493021,8,8,9,8,3,5
14-June-2025,510311,4,7,3,4,4,10
15-June-2025,442727,5,8,8,4,6,4
16-June-2025,109153,7,4,3,7,5,4
17-June-2025,496927,2,1,3,1,5,6
18-June-2025,222080,8,6,4,4,9,2
19-June-2025,705814,2,3,7,2,5,9
20-June-2025,181790,6,3,4,6,9,1
21-June-2025,135197,9,6,6,7,10,8
22-June-2025,856706,5,3,9,3,4,5
23-June-2025,709241,7,8,7,1,4,1
24-June-2025,883464,2,3,6,2,1,5
25-June-2025,770015,7,2,3,9,2,6
26-June-2025,409920,8,5,1,6,6,5
27-June-2025,357932,6,2,2,10,8,6
28-June-2025,577518,7,3,10,1,6,5
29-June-2025,145666,3,1,2,6,8,2
30-June-2025,138974,9,3,7,3,4,6
01-July-2025,257441,1,3,1,5,5,5
02-July-2025,350667,7,10,7,2,1,4
03-July-2025,324114,9,5,6,2,2,1
04-July-2025,236657,2,2,8,8,1,9
05-July-2025,195227,8,2,1,6,5,10
06-July-2025,501046,6,9,4,1,1,5
07-July-2025,745119,6,6,6,5,3,4
08-July-2025,179140,6,9,6,10,7,3
10-July-2025,344766,8,1,5,3,1,3
11-July-2025,258561,2,6,6,9,10,1
12-July-2025,378007,7,3,10,3,5,4
13-July-2025,395492,9,6,3,1,6,8
14-July-2025,220046,2,6,5,9,8,7
15-July-2025,697278,3,4,3,9,5,8
16-July-2025,385280,4,2,2,10,3,9
17-July-2025,440696,3,3,5,4,4,3
18-July-2025,634706,2,3,6,5,4,10
19-July-2025,224817,6,8,10,4,7,5
20-July-2025,184440,8,6,10,9,7,2
21-July-2025,538337,6,6,6,3,7,8
22-July-2025,238887,4,10,10,8,1,10
23-July-2025,678572,3,6,10,5,7,8
24-July-2025,409455,7,5,9,4,9,9
25-July-2025,433789,9,9,6,7,4,2
26-July-2025,954960,5,3,9,8,3,3
27-July-2025,803045,7,8,1,4,9,5
28-July-2025,469412,6,4,4,1,3,1
29-July-2025,379998,6,1,10,5,9,5
30-July-2025,277376,2,10,2,8,3,2
31-July-2025,941597,6,1,6,3,7,5
01-August-2025,514226,8,2,7,2,7,5
02-August-2025,354014,2,4,10,1,4,6
03-August-2025,677584,5,3,7,7,5,10
04-August-2025,418177,7,3,9,8,7,9
05-August-2025,299702,8,3,9,3,1,8
06-August-2025,248735,9,5,1,10,1,9
07-August-2025,612922,3,2,6,8,2,1
08-August-2025,748405,8,8,4,5,7,9
09-August-2025,842294,2,10,6,8,6,4
10-August-2025,835995,9,3,7,7,10,6
11-August-2025,631988,8,10,4,10,6,6
12-August-2025,351367,4,3,10,8,3,7
13-August-2025,807900,6,8,4,2,5,2
14-August-2025,583002,1,3,4,4,10,6
16-August-2025,445643,5,3,8,3,4,6
17-August-2025,819960,3,2,6,3,1,8
18-August-2025,219851,5,10,10,6,3,4
19-August-2025,470148,1,7,9,3,6,7
20-August-2025,613976,2,3,7,1,5,2
21-August-2025,763057,8,6,10,4,9,5
22-August-2025,209957,7,6,4,6,10,10
23-August-2025,261432,9,4,8,5,3,8
24-August-2025,708923,2,6,3,5,2,6
25-August-2025,377084,5,5,1,4,9,7
26-August-2025,345939,9,1,2,6,9,8
27-August-2025,636184,5,3,9,9,1,2
28-August-2025,214059,6,9,2,5,6,8
29-August-2025,302032,7,2,2,10,3,9
30-August-2025,541229,7,6,1,9,2,1
31-August-2025,122462,3,1,9,2,2,9
01-September-2025,357510,8,5,5,6,2,4
02-September-2025,502763,7,8,5,1,8,2
03-September-2025,209551,4,10,3,9,3,2
04-September-2025,336829,7,9,3,5,5,3
06-September-2025,264265,2,5,2,7,2,8
07-September-2025,339851,7,5,5,3,3,9
08-September-2025,904272,8,1,5,7,1,2
09-September-2025,296745,3,1,8,9,5,9
10-September-2025,781756,2,2,5,10,4,8
11-September-2025,313650,5,5,8,5,10,7
12-September-2025,429773,3,9,4,5,1,2
13-September-2025,939961,5,2,10,8,6,2
14-September-2025,926709,9,8,3,2,5,3
15-September-2025,325688,1,10,1,5,2,4
16-September-2025,128727,1,10,7,5,1,7
17-September-2025,195753,9,4,3,10,5,4
18-September-2025,735716,3,8,10,10,9,1
19-September-2025,870677,2,6,5,5,2,5
20-September-2025,887616,9,8,3,10,8,5
21-September-2025,235028,5,6,2,7,6,8
22-September-2025,423775,1,8,2,8,6,4
23-September-2025,840144,3,9,3,7,5,4
24-September-2025,389960,3,7,1,1,1,1
