year,pattern,type,numbers
2020,14,first_2,"147295.0,143181.0,140911.0"
2020,47,first_2,"476809.0,471818.0"
2020,25,first_2,"252598.0,251916.0,254895.0,254673.0"
2020,28,first_2,"281716.0,282484.0"
2020,46,first_2,"466762.0,468435.0"
2020,58,first_2,"587042.0,589225.0,587420.0"
2020,16,first_2,"165267.0,162993.0,161958.0"
2020,24,first_2,"242490.0,246187.0,246268.0,247741.0"
2020,57,first_2,"579592.0,574875.0"
2020,83,first_2,"837070.0,833912.0"
2020,71,first_2,"719196.0,716735.0"
2020,50,first_2,"508706.0,509910.0,507606.0"
2020,19,first_2,"199833.0,197852.0"
2020,22,first_2,"220631.0,222347.0,221819.0,228972.0"
2020,31,first_2,"312252.0,312075.0"
2020,86,first_2,"864192.0,860666.0"
2020,.0,last_2,"147295.0,476809.0,236932.0,252598.0,281716.0,143181.0,466762.0,587042.0,165267.0,251916.0,242490.0,579592.0,254895.0,417106.0,574875.0,605405.0,532868.0,184508.0,589225.0,254673.0,587420.0,796407.0,162993.0,173964.0,837070.0,719196.0,815464.0,471818.0,846510.0,658129.0,282484.0,489735.0,753748.0,508706.0,567238.0,509910.0,309864.0,246187.0,333853.0,199833.0,278087.0,220631.0,638915.0,732140.0,267576.0,131387.0,525531.0,681417.0,786186.0,399409.0,299577.0,456030.0,894706.0,312252.0,342702.0,201323.0,833912.0,161958.0,222347.0,246268.0,221819.0,247741.0,716735.0,548999.0,864192.0,613424.0,507606.0,860666.0,647444.0,468435.0,444808.0,723241.0,197852.0,312075.0,620096.0,426487.0,157751.0,693433.0,140911.0,228972.0"
2020,587,first_3,"587042.0,587420.0"
2020,254,first_3,"254895.0,254673.0"
2020,246,first_3,"246187.0,246268.0"
2020,312,first_3,"312252.0,312075.0"
2020,5.0,last_3,"147295.0,254895.0,574875.0,605405.0,589225.0,489735.0,638915.0,716735.0,468435.0,312075.0"
2020,9.0,last_3,"476809.0,658129.0,399409.0,221819.0,548999.0"
2020,2.0,last_3,"236932.0,466762.0,587042.0,579592.0,312252.0,342702.0,833912.0,864192.0,197852.0,228972.0"
2020,8.0,last_3,"252598.0,532868.0,184508.0,471818.0,753748.0,567238.0,161958.0,246268.0,444808.0"
2020,6.0,last_3,"281716.0,251916.0,417106.0,719196.0,508706.0,267576.0,786186.0,894706.0,507606.0,860666.0,620096.0"
2020,1.0,last_3,"143181.0,220631.0,525531.0,247741.0,723241.0,157751.0,140911.0"
2020,7.0,last_3,"165267.0,796407.0,246187.0,278087.0,131387.0,681417.0,299577.0,222347.0,426487.0"
2020,0.0,last_3,"242490.0,587420.0,837070.0,846510.0,509910.0,732140.0,456030.0"
2020,3.0,last_3,"254673.0,162993.0,333853.0,199833.0,201323.0,693433.0"
2020,4.0,last_3,"173964.0,815464.0,282484.0,309864.0,613424.0,647444.0"
2021,67,first_2,"673025.0,674015.0,674413.0"
2021,59,first_2,"595246.0,598928.0,591672.0,591807.0,591801.0"
2021,38,first_2,"382963.0,388692.0"
2021,74,first_2,"746417.0,743410.0,748636.0,749701.0,743066.0"
2021,64,first_2,"648142.0,648012.0,649484.0,645465.0,643922.0"
2021,12,first_2,"127101.0,127702.0,120995.0"
2021,14,first_2,"148887.0,144924.0"
2021,35,first_2,"352208.0,359410.0,357213.0"
2021,56,first_2,"560600.0,569924.0,567732.0"
2021,70,first_2,"702260.0,700466.0,709777.0"
2021,17,first_2,"175085.0,174170.0,174942.0,175777.0"
2021,79,first_2,"794620.0,796744.0,792257.0,799646.0"
2021,25,first_2,"252407.0,250249.0,258505.0,254783.0,256951.0"
2021,68,first_2,"686840.0,680707.0,681085.0,687674.0,684764.0"
2021,19,first_2,"194677.0,195746.0,195093.0"
2021,80,first_2,"802248.0,805153.0,802110.0,801058.0"
2021,46,first_2,"467046.0,469043.0,465146.0"
2021,13,first_2,"139570.0,134048.0"
2021,50,first_2,"505056.0,501490.0"
2021,58,first_2,"586838.0,582031.0,589153.0"
2021,65,first_2,"652417.0,653659.0,650556.0,658476.0"
2021,71,first_2,"716935.0,719721.0,719754.0,714922.0,714158.0"
2021,51,first_2,"517047.0,510369.0,513295.0,511717.0,518884.0,512717.0"
2021,43,first_2,"439008.0,435933.0,430240.0"
2021,29,first_2,"295246.0,291742.0,299860.0"
2021,77,first_2,"776665.0,778783.0,779417.0,777953.0"
2021,24,first_2,"248751.0,248225.0,241175.0,249248.0,248394.0,243541.0"
2021,31,first_2,"314121.0,317446.0,316142.0,318448.0"
2021,63,first_2,"635711.0,639535.0,632155.0,639052.0,635077.0,637427.0"
2021,27,first_2,"276616.0,279255.0,275705.0,270504.0,273062.0"
2021,40,first_2,"403734.0,408641.0"
2021,57,first_2,"575906.0,572677.0,578854.0,573057.0"
2021,62,first_2,"622583.0,622998.0,627699.0,622646.0"
2021,84,first_2,"846299.0,846035.0,848428.0"
2021,61,first_2,"619802.0,619113.0"
2021,10,first_2,"107944.0,108308.0"
2021,78,first_2,"787771.0,783460.0,782095.0"
2021,42,first_2,"425586.0,425929.0,428036.0"
2021,72,first_2,"727476.0,728645.0,727040.0,721513.0"
2021,23,first_2,"230216.0,234829.0"
2021,73,first_2,"733205.0,732163.0,736426.0,731255.0"
2021,28,first_2,"287702.0,282516.0,282869.0"
2021,76,first_2,"766076.0,768286.0,762447.0,767511.0,767197.0"
2021,85,first_2,"857914.0,855347.0"
2021,48,first_2,"482785.0,485586.0"
2021,75,first_2,"755470.0,752162.0,756122.0,758207.0,755770.0"
2021,83,first_2,"837275.0,830953.0,831811.0"
2021,44,first_2,"440824.0,447460.0,440545.0"
2021,69,first_2,"695090.0,690176.0,690078.0,698414.0,698527.0"
2021,32,first_2,"327140.0,327992.0,322246.0,324197.0"
2021,41,first_2,"417813.0,419416.0,418597.0"
2021,11,first_2,"118815.0,111898.0"
2021,37,first_2,"377016.0,373202.0,379431.0"
2021,47,first_2,"478841.0,478102.0"
2021,66,first_2,"665851.0,664854.0,669078.0"
2021,82,first_2,"821955.0,827261.0,820195.0"
2021,60,first_2,"600751.0,603246.0,608798.0"
2021,49,first_2,"491550.0,495670.0"
2021,15,first_2,"155009.0,157229.0"
2021,54,first_2,"547670.0,543296.0"
2021,30,first_2,"309715.0,305592.0,300004.0,303913.0"
2021,22,first_2,"228007.0,229550.0,226836.0"
2021,33,first_2,"334823.0,338132.0"
2021,21,first_2,"217683.0,210697.0"
2021,92,first_2,"928656.0,927885.0"
2021,90,first_2,"905866.0,903854.0"
2021,.0,last_2,"673025.0,595246.0,382963.0,746417.0,648142.0,127101.0,148887.0,352208.0,560600.0,702260.0,175085.0,794620.0,252407.0,686840.0,174170.0,194677.0,802248.0,467046.0,139570.0,805153.0,505056.0,586838.0,652417.0,361776.0,716935.0,195746.0,517047.0,439008.0,295246.0,776665.0,248751.0,248225.0,719721.0,743410.0,345728.0,674015.0,314121.0,635711.0,276616.0,180355.0,582031.0,403734.0,575906.0,622583.0,572677.0,388692.0,435933.0,846299.0,619802.0,107944.0,359410.0,787771.0,425586.0,425929.0,108308.0,727476.0,639535.0,230216.0,569924.0,733205.0,287702.0,766076.0,279255.0,857914.0,317446.0,241175.0,316142.0,469043.0,482785.0,755470.0,485586.0,234829.0,837275.0,440824.0,728645.0,695090.0,719754.0,327140.0,855347.0,134048.0,417813.0,118815.0,748636.0,377016.0,250249.0,632155.0,249248.0,700466.0,648012.0,447460.0,783460.0,478841.0,665851.0,821955.0,275705.0,600751.0,282516.0,690176.0,291742.0,428036.0,664854.0,714922.0,491550.0,258505.0,732163.0,680707.0,195093.0,155009.0,547670.0,309715.0,430240.0,174942.0,752162.0,598928.0,408641.0,440545.0,727040.0,778783.0,619113.0,327992.0,534241.0,802110.0,749701.0,871177.0,318448.0,756122.0,357213.0,305592.0,649484.0,779417.0,768286.0,144924.0,758207.0,690078.0,419416.0,622998.0,465146.0,248394.0,801058.0,418597.0,510369.0,513295.0,645465.0,681085.0,175777.0,243541.0,762447.0,767511.0,627699.0,669078.0,830953.0,755770.0,736426.0,653659.0,603246.0,743066.0,687674.0,782095.0,639052.0,635077.0,684764.0,520292.0,282869.0,827261.0,709777.0,270504.0,511717.0,228007.0,322246.0,543296.0,300004.0,831811.0,373202.0,495670.0,379431.0,637427.0,698414.0,846035.0,334823.0,217683.0,814879.0,567732.0,777953.0,622646.0,864242.0,589153.0,591672.0,518884.0,478102.0,714158.0,210697.0,254783.0,591807.0,111898.0,157229.0,299860.0,591801.0,338132.0,324197.0,501490.0,721513.0,273062.0,578854.0,796744.0,731255.0,820195.0,169035.0,229550.0,792257.0,127702.0,303913.0,928656.0,643922.0,453869.0,799646.0,767197.0,927885.0,848428.0,265608.0,905866.0,903854.0,512717.0,650556.0,674413.0,392013.0,120995.0,658476.0,698527.0,573057.0,226836.0,256951.0,608798.0"
2021,648,first_3,"648142.0,648012.0"
2021,127,first_3,"127101.0,127702.0"
2021,175,first_3,"175085.0,175777.0"
2021,174,first_3,"174170.0,174942.0"
2021,802,first_3,"802248.0,802110.0"
2021,195,first_3,"195746.0,195093.0"
2021,248,first_3,"248751.0,248225.0,248394.0"
2021,719,first_3,"719721.0,719754.0"
2021,743,first_3,"743410.0,743066.0"
2021,674,first_3,"674015.0,674413.0"
2021,635,first_3,"635711.0,635077.0"
2021,622,first_3,"622583.0,622998.0,622646.0"
2021,846,first_3,"846299.0,846035.0"
2021,619,first_3,"619802.0,619113.0"
2021,425,first_3,"425586.0,425929.0"
2021,727,first_3,"727476.0,727040.0"
2021,639,first_3,"639535.0,639052.0"
2021,755,first_3,"755470.0,755770.0"
2021,440,first_3,"440824.0,440545.0"
2021,327,first_3,"327140.0,327992.0"
2021,478,first_3,"478841.0,478102.0"
2021,282,first_3,"282516.0,282869.0"
2021,690,first_3,"690176.0,690078.0"
2021,714,first_3,"714922.0,714158.0"
2021,767,first_3,"767511.0,767197.0"
2021,698,first_3,"698414.0,698527.0"
2021,591,first_3,"591672.0,591807.0,591801.0"
2021,5.0,last_3,"673025.0,175085.0,716935.0,776665.0,248225.0,674015.0,180355.0,639535.0,733205.0,279255.0,241175.0,482785.0,837275.0,728645.0,118815.0,632155.0,821955.0,275705.0,258505.0,309715.0,440545.0,513295.0,645465.0,681085.0,782095.0,846035.0,731255.0,820195.0,169035.0,927885.0,120995.0"
2021,6.0,last_3,"595246.0,467046.0,505056.0,361776.0,195746.0,295246.0,276616.0,575906.0,425586.0,727476.0,230216.0,766076.0,317446.0,485586.0,748636.0,377016.0,700466.0,282516.0,690176.0,428036.0,768286.0,419416.0,465146.0,736426.0,603246.0,743066.0,322246.0,543296.0,622646.0,928656.0,799646.0,905866.0,650556.0,658476.0,226836.0"
2021,3.0,last_3,"382963.0,805153.0,622583.0,435933.0,469043.0,417813.0,732163.0,195093.0,778783.0,619113.0,357213.0,830953.0,334823.0,217683.0,777953.0,589153.0,254783.0,721513.0,303913.0,674413.0,392013.0"
2021,7.0,last_3,"746417.0,148887.0,252407.0,194677.0,652417.0,517047.0,572677.0,855347.0,680707.0,871177.0,779417.0,758207.0,418597.0,175777.0,762447.0,635077.0,709777.0,511717.0,228007.0,637427.0,210697.0,591807.0,324197.0,792257.0,767197.0,512717.0,698527.0,573057.0"
2021,2.0,last_3,"648142.0,388692.0,619802.0,287702.0,316142.0,648012.0,291742.0,714922.0,174942.0,752162.0,327992.0,756122.0,305592.0,639052.0,520292.0,373202.0,567732.0,864242.0,591672.0,478102.0,338132.0,273062.0,127702.0,643922.0"
2021,1.0,last_3,"127101.0,248751.0,719721.0,314121.0,635711.0,582031.0,787771.0,478841.0,665851.0,600751.0,408641.0,534241.0,749701.0,243541.0,767511.0,827261.0,831811.0,379431.0,591801.0,256951.0"
2021,8.0,last_3,"352208.0,802248.0,586838.0,439008.0,345728.0,108308.0,134048.0,249248.0,598928.0,318448.0,690078.0,622998.0,801058.0,669078.0,714158.0,111898.0,848428.0,265608.0,608798.0"
2021,0.0,last_3,"560600.0,702260.0,794620.0,686840.0,174170.0,139570.0,743410.0,359410.0,755470.0,695090.0,327140.0,447460.0,783460.0,491550.0,547670.0,430240.0,727040.0,802110.0,755770.0,495670.0,299860.0,501490.0,229550.0"
2021,4.0,last_3,"403734.0,107944.0,569924.0,857914.0,440824.0,719754.0,664854.0,649484.0,144924.0,248394.0,687674.0,684764.0,270504.0,300004.0,698414.0,518884.0,578854.0,796744.0,903854.0"
2021,9.0,last_3,"846299.0,425929.0,234829.0,250249.0,155009.0,510369.0,627699.0,653659.0,282869.0,814879.0,157229.0,453869.0"
2022,72,first_2,"720651.0,724736.0,727048.0,722556.0,727990.0,725755.0,722565.0"
2022,16,first_2,"169230.0,160353.0,165097,162099.0,168155.0,166104.0,169074"
2022,59,first_2,"599830.0,597208.0,593553.0,593569.0,592984.0,594030"
2022,64,first_2,"643018.0,643688.0"
2022,83,first_2,"839676.0,834326.0,835865.0"
2022,61,first_2,"617942.0,614550.0"
2022,30,first_2,"302800.0,306768.0,308187.0,309707.0,309045"
2022,34,first_2,"343560.0,344957.0,341120.0"
2022,63,first_2,"635104.0,633858.0,635622.0,634423,634368.0"
2022,96,first_2,"960561.0,964294.0,960391.0,964771.0,962218,965392.0,968935.0,961472.0,967784"
2022,10,first_2,"100052.0,106268.0,107463.0,108405.0,101116,102657.0,105903.0,106139.0"
2022,51,first_2,"511130.0,516699.0,514179.0"
2022,89,first_2,"894845.0,897213.0,891810.0,890745.0,899709,896865.0,896167"
2022,29,first_2,"297771.0,293783.0,293698.0"
2022,88,first_2,"885989.0,884489"
2022,75,first_2,"754961.0,755608.0,758930.0,750087.0,750605.0,750161.0,751620,754081"
2022,92,first_2,"921238.0,928338.0"
2022,45,first_2,"454524.0,453882.0,457567.0,452753.0,456957.0,455383.0,458063.0"
2022,84,first_2,"840210.0,845865.0,846690,845096.0"
2022,62,first_2,"623118.0,622228"
2022,74,first_2,"745073.0,749886.0,748560.0,744785.0,749821.0"
2022,57,first_2,"574257.0,570104.0,571888.0,579861.0,575808.0,577450.0"
2022,22,first_2,"221057.0,225499.0,227146.0,220008.0,227863"
2022,42,first_2,"425556.0,425711.0,428239.0,421178.0,421790.0,424624.0,425997.0"
2022,68,first_2,"681328.0,680145.0,680443"
2022,97,first_2,"972780.0,970679.0,977265.0"
2022,49,first_2,"490400.0,499851.0,498499.0"
2022,21,first_2,"213855.0,210064,211059,212791,214096"
2022,94,first_2,"948502.0,943851.0,943709.0,945259.0,945298.0,942807.0"
2022,33,first_2,"337040.0,339834.0,338934.0"
2022,95,first_2,"958712.0,955731.0,954445.0,954329.0"
2022,41,first_2,"419076.0,410281.0,419993.0,412287.0,410286,418086.0"
2022,76,first_2,"765115.0,768444.0,769974,769265"
2022,46,first_2,"469915.0,468856,464046.0,465983"
2022,35,first_2,"358520.0,355748.0,354473.0,352802.0"
2022,20,first_2,"201082.0,207078.0,206846.0,207512.0"
2022,31,first_2,"319605.0,313346.0,312505.0"
2022,25,first_2,"253312.0,251338.0,250912.0,259925"
2022,44,first_2,"441931.0,443438.0,446530.0"
2022,87,first_2,"878491.0,874217.0,874727.0,874257.0,872625.0,879265.0"
2022,43,first_2,"439166.0,436257.0"
2022,86,first_2,"867952.0,860265.0,865303.0"
2022,80,first_2,"805982.0,806219"
2022,56,first_2,"561018.0,564713.0,567525.0,565805.0,564227.0,562669.0,568081.0,568562.0,563796.0"
2022,23,first_2,"237824.0,237263.0,238512.0,235704.0,237971"
2022,24,first_2,"246610.0,245789,245714.0,247719.0,244562.0"
2022,40,first_2,"407524.0,408275.0,405241.0"
2022,47,first_2,"471775.0,476197.0,477814.0,474071.0,473297,476675,478895"
2022,98,first_2,"984145.0,989679.0"
2022,15,first_2,"156490.0,157952.0,157578.0,156360.0,150978.0,156579.0,150477"
2022,60,first_2,"605218.0,604635.0,600113.0,609530,603907"
2022,13,first_2,"139935.0,138428,132523.0"
2022,26,first_2,"269359.0,260708.0,263740.0,267298.0,267478.0"
2022,12,first_2,"126759.0,129222.0,120827,125221"
2022,54,first_2,"542625.0,540720,541742.0"
2022,27,first_2,"279129.0,273930.0,270396"
2022,67,first_2,"679285.0,677417.0,670349.0,677419"
2022,69,first_2,"695437.0,699259,695508.0,695418.0"
2022,53,first_2,"535770.0,537904,530898,539370.0"
2022,14,first_2,"145893.0,145212.0,148132.0"
2022,55,first_2,"552988.0,554476,557740.0,556448.0,551395.0,554218.0,551207.0"
2022,17,first_2,"170384.0,170677.0,179672.0,173806.0,174632.0,170874.0,171478.0,177198.0"
2022,18,first_2,"185137.0,183520,183481.0"
2022,78,first_2,"781348.0,781234.0,781094.0"
2022,19,first_2,"194322.0,192659,198556.0,194686.0,195036"
2022,73,first_2,"730544.0,738415.0,732834.0"
2022,82,first_2,"826467.0,825981.0,823855.0,822054.0,829491"
2022,93,first_2,"936864.0,930756.0,937475.0"
2022,70,first_2,"707700.0,701852.0,703471"
2022,28,first_2,"283202.0,286032.0,289176"
2022,85,first_2,"852781,857284,859259"
2022,48,first_2,"488801,485426.0"
2022,71,first_2,"713801,714468.0"
2022,32,first_2,"328316,323494.0"
2022,52,first_2,"520862,529148.0,527624.0,520214"
2022,11,first_2,"119892.0,118387.0,116318.0,110398.0"
2022,36,first_2,"361203.0,360999.0"
2022,50,first_2,"507342.0,505980.0,500289.0"
2022,90,first_2,"907042.0,905961.0"
2022,.0,last_2,"720651.0,169230.0,599830.0,643018.0,839676.0,617942.0,302800.0,343560.0,635104.0,960561.0,964294.0,306768.0,834326.0,100052.0,511130.0,516699.0,894845.0,297771.0,885989.0,754961.0,921238.0,454524.0,840210.0,623118.0,835865.0,724736.0,960391.0,745073.0,574257.0,749886.0,221057.0,614550.0,425556.0,681328.0,643688.0,972780.0,490400.0,213855.0,395495.0,948502.0,845865.0,897213.0,337040.0,958712.0,419076.0,765115.0,727048.0,469915.0,358520.0,425711.0,201082.0,344957.0,680145.0,943851.0,341120.0,319605.0,253312.0,722556.0,441931.0,106268.0,878491.0,439166.0,867952.0,293783.0,805982.0,561018.0,107463.0,633858.0,237824.0,246610.0,407524.0,471775.0,984145.0,499851.0,156490.0,108405.0,605218.0,408275.0,428239.0,139935.0,564713.0,269359.0,126759.0,755608.0,129222.0,453882.0,207078.0,604635.0,436257.0,355748.0,891810.0,758930.0,260708.0,410281.0,542625.0,279129.0,748560.0,570104.0,964771.0,744785.0,679285.0,160353.0,695437.0,354473.0,535770.0,273930.0,145893.0,419993.0,157952.0,749821.0,237263.0,263740.0,157578.0,943709.0,552988.0,225499.0,170384.0,412287.0,874217.0,185137.0,781348.0,727990.0,156360.0,597208.0,945259.0,238512.0,194322.0,443438.0,567525.0,730544.0,571888.0,339834.0,945298.0,227146.0,267298.0,476197.0,150978.0,826467.0,750087.0,579861.0,593553.0,677417.0,565805.0,936864.0,600113.0,928338.0,890745.0,477814.0,874727.0,220008.0,725755.0,308187.0,635622.0,825981.0,707700.0,955731.0,206846.0,474071.0,457567.0,309707.0,283202.0,701852.0,845096.0,695508.0,874257.0,930756.0,119892.0,170677.0,781234.0,118387.0,338934.0,156579.0,965392.0,421178.0,452753.0,179672.0,352802.0,823855.0,798484.0,670349.0,564227.0,173806.0,162099.0,557740.0,588340.0,556448.0,562669.0,361203.0,267478.0,456957.0,738415.0,455383.0,507342.0,421790.0,198556.0,360999.0,418086.0,132523.0,896865.0,207512.0,313346.0,245714.0,989679.0,551395.0,485426.0,722565.0,405241.0,750605.0,247719.0,968935.0,872625.0,768444.0,251338.0,750161.0,541742.0,183481.0,168155.0,145212.0,194686.0,498499.0,235704.0,912581.0,464046.0,732834.0,954445.0,505980.0,102657.0,634368.0,907042.0,575808.0,695418.0,577450.0,424624.0,539370.0,312505.0,860265.0,781094.0,568081.0,174632.0,148132.0,568562.0,954329.0,170874.0,970679.0,500289.0,105903.0,106139.0,529148.0,563796.0,942807.0,822054.0,961472.0,171478.0,425997.0,995662.0,593569.0,714468.0,592984.0,244562.0,554218.0,458063.0,116318.0,865303.0,323494.0,551207.0,905961.0,527624.0,110398.0,879265.0,177198.0,446530.0,286032.0,977265.0,166104.0,937475.0,250912.0,514179.0,293698.0"
2022,81,last_2,"852781,754081"
2022,76,last_2,"554476,289176"
2022,01,last_2,"488801,713801"
2022,30,last_2,"609530,594030"
2022,20,last_2,"540720,183520,751620"
2022,64,last_2,"210064,772764"
2022,84,last_2,"857284,967784"
2022,16,last_2,"328316,101116"
2022,59,last_2,"192659,699259,211059,859259"
2022,97,last_2,"165097,473297"
2022,28,last_2,"138428,622228"
2022,89,last_2,"245789,884489"
2022,96,last_2,"270396,214096"
2022,19,last_2,"677419,806219"
2022,91,last_2,"829491,212791"
2022,74,last_2,"769974,169074"
2022,71,last_2,"703471,237971"
2022,169,first_3,"169230.0,169074"
2022,643,first_3,"643018.0,643688.0"
2022,635,first_3,"635104.0,635622.0"
2022,960,first_3,"960561.0,960391.0"
2022,964,first_3,"964294.0,964771.0"
2022,754,first_3,"754961.0,754081"
2022,749,first_3,"749886.0,749821.0"
2022,425,first_3,"425556.0,425711.0,425997.0"
2022,845,first_3,"845865.0,845096.0"
2022,419,first_3,"419076.0,419993.0"
2022,727,first_3,"727048.0,727990.0"
2022,680,first_3,"680145.0,680443"
2022,943,first_3,"943851.0,943709.0"
2022,722,first_3,"722556.0,722565.0"
2022,106,first_3,"106268.0,106139.0"
2022,293,first_3,"293783.0,293698.0"
2022,237,first_3,"237824.0,237263.0,237971"
2022,156,first_3,"156490.0,156360.0,156579.0"
2022,564,first_3,"564713.0,564227.0"
2022,207,first_3,"207078.0,207512.0"
2022,410,first_3,"410281.0,410286"
2022,695,first_3,"695437.0,695508.0,695418.0"
2022,145,first_3,"145893.0,145212.0"
2022,157,first_3,"157952.0,157578.0"
2022,170,first_3,"170384.0,170677.0,170874.0"
2022,874,first_3,"874217.0,874727.0,874257.0"
2022,781,first_3,"781348.0,781234.0,781094.0"
2022,945,first_3,"945259.0,945298.0"
2022,194,first_3,"194322.0,194686.0"
2022,227,first_3,"227146.0,227863"
2022,267,first_3,"267298.0,267478.0"
2022,476,first_3,"476197.0,476675"
2022,150,first_3,"150978.0,150477"
2022,750,first_3,"750087.0,750605.0,750161.0"
2022,593,first_3,"593553.0,593569.0"
2022,677,first_3,"677417.0,677419"
2022,309,first_3,"309707.0,309045"
2022,554,first_3,"554476,554218.0"
2022,183,first_3,"183520,183481.0"
2022,634,first_3,"634423,634368.0"
2022,245,first_3,"245789,245714.0"
2022,520,first_3,"520862,520214"
2022,421,first_3,"421178.0,421790.0"
2022,896,first_3,"896865.0,896167"
2022,551,first_3,"551395.0,551207.0"
2022,954,first_3,"954445.0,954329.0"
2022,568,first_3,"568081.0,568562.0"
2022,769,first_3,"769974,769265"
2022,1.0,last_3,"720651.0,960561.0,297771.0,754961.0,960391.0,425711.0,943851.0,441931.0,878491.0,499851.0,410281.0,964771.0,749821.0,579861.0,825981.0,955731.0,474071.0,405241.0,750161.0,183481.0,912581.0,568081.0,905961.0"
2022,0.0,last_3,"169230.0,599830.0,302800.0,343560.0,511130.0,840210.0,614550.0,972780.0,490400.0,337040.0,358520.0,341120.0,246610.0,156490.0,891810.0,758930.0,748560.0,535770.0,273930.0,263740.0,727990.0,156360.0,707700.0,557740.0,588340.0,421790.0,505980.0,577450.0,539370.0,446530.0"
2022,8.0,last_3,"643018.0,306768.0,921238.0,623118.0,681328.0,643688.0,727048.0,106268.0,561018.0,633858.0,605218.0,755608.0,207078.0,355748.0,260708.0,157578.0,552988.0,781348.0,597208.0,443438.0,571888.0,945298.0,267298.0,150978.0,928338.0,220008.0,695508.0,421178.0,556448.0,267478.0,251338.0,634368.0,575808.0,695418.0,529148.0,171478.0,714468.0,554218.0,116318.0,110398.0,177198.0,293698.0"
2022,6.0,last_3,"839676.0,834326.0,724736.0,749886.0,425556.0,419076.0,722556.0,439166.0,227146.0,206846.0,845096.0,930756.0,173806.0,198556.0,418086.0,313346.0,485426.0,194686.0,464046.0,563796.0"
2022,2.0,last_3,"617942.0,100052.0,948502.0,958712.0,201082.0,253312.0,867952.0,805982.0,129222.0,453882.0,157952.0,238512.0,194322.0,635622.0,283202.0,701852.0,119892.0,965392.0,179672.0,352802.0,507342.0,207512.0,541742.0,145212.0,907042.0,174632.0,148132.0,568562.0,961472.0,995662.0,244562.0,286032.0,250912.0"
2022,4.0,last_3,"635104.0,964294.0,454524.0,237824.0,407524.0,570104.0,170384.0,730544.0,339834.0,936864.0,477814.0,781234.0,338934.0,798484.0,245714.0,768444.0,235704.0,732834.0,424624.0,781094.0,170874.0,822054.0,592984.0,323494.0,527624.0,166104.0"
2022,9.0,last_3,"516699.0,885989.0,428239.0,269359.0,126759.0,279129.0,943709.0,225499.0,945259.0,156579.0,670349.0,162099.0,562669.0,360999.0,989679.0,247719.0,498499.0,954329.0,970679.0,500289.0,106139.0,593569.0,514179.0"
2022,5.0,last_3,"894845.0,835865.0,213855.0,395495.0,845865.0,765115.0,469915.0,680145.0,319605.0,471775.0,984145.0,108405.0,408275.0,139935.0,604635.0,542625.0,744785.0,679285.0,567525.0,565805.0,890745.0,725755.0,823855.0,738415.0,896865.0,551395.0,722565.0,750605.0,968935.0,872625.0,168155.0,954445.0,312505.0,860265.0,879265.0,977265.0,937475.0"
2022,3.0,last_3,"745073.0,897213.0,293783.0,107463.0,564713.0,160353.0,354473.0,145893.0,419993.0,237263.0,593553.0,600113.0,452753.0,361203.0,455383.0,132523.0,105903.0,458063.0,865303.0"
2022,7.0,last_3,"574257.0,221057.0,344957.0,436257.0,695437.0,412287.0,874217.0,185137.0,476197.0,826467.0,750087.0,677417.0,874727.0,308187.0,457567.0,309707.0,874257.0,170677.0,118387.0,564227.0,456957.0,102657.0,942807.0,425997.0,551207.0"
2022,801,last_3,"488801,713801"
2022,259,last_3,"699259,859259"
2023,67,first_2,"673215.0,670474.0,679755.0,672485,672019.0,674851,674793"
2023,69,first_2,"697023.0,699910.0,698752,698536.0,690197.0,695529.0"
2023,82,first_2,"825245.0,829783.0,820555,824552.0,827159,827010"
2023,23,first_2,"235548.0,236433.0,231968.0,237744.0,232487,230662.0"
2023,12,first_2,"129177.0,129409.0,128210.0"
2023,22,first_2,"225885.0,220378.0,222282,220333.0,225511.0,222850,220689.0,226992.0,227161"
2023,66,first_2,"665886.0,667585.0,665263.0,664947"
2023,14,first_2,"144539.0,148407,145424,145621,149590.0,147476.0"
2023,52,first_2,"522034.0,523203.0,525247,527783.0,529705.0,528455,523562.0,528544.0,528870,526666"
2023,28,first_2,"289981.0,286861.0,281760.0,283635.0,281483.0,280459.0"
2023,89,first_2,"890581.0,897532.0,893279.0"
2023,63,first_2,"634255.0,639965.0,637317.0,632466,633441"
2023,11,first_2,"116554.0,115501,110270.0,118475.0,112188,116708,110927.0"
2023,32,first_2,"327216.0,329221.0,322904.0,325587.0"
2023,33,first_2,"332073.0,338068.0"
2023,70,first_2,"704947.0,704626.0,704186"
2023,15,first_2,"150650.0,151451.0,154189.0,156756.0"
2023,21,first_2,"216469.0,215003.0,218162.0,214912.0,210777.0"
2023,31,first_2,"318488.0,317032,317545.0,319431"
2023,71,first_2,"717052.0,715068.0,710702,710771.0,713201.0"
2023,88,first_2,"884555.0,884098.0,883030.0"
2023,44,first_2,"444962.0,449050.0,446962.0,444543,445814.0"
2023,92,first_2,"921967.0,926437.0,929054,924418.0,929546.0,929441.0"
2023,46,first_2,"469188.0,460671.0,465665.0"
2023,85,first_2,"859990.0,858713,853989.0,857457.0,852356.0,857079.0"
2023,87,first_2,"872135.0,870227.0,873084.0,873729.0"
2023,68,first_2,"687726.0,683576,682046.0,686743"
2023,80,first_2,"801517.0,801915.0,800219.0,805408.0,806465.0"
2023,17,first_2,"178704.0,171902.0,178792.0,172877"
2023,42,first_2,"427933.0,427128.0,421787"
2023,57,first_2,"570506.0,574518.0,570994,577530.0,570940.0"
2023,77,first_2,"778890.0,775052.0,773104,776177.0,772087.0"
2023,38,first_2,"383099.0,384524.0"
2023,50,first_2,"500807.0,507642.0,501963,503494.0,507803.0,500192"
2023,58,first_2,"582888.0,586813.0,588588.0,588401.0"
2023,27,first_2,"275132.0,274506.0,270100.0,271752,272581.0,278342.0"
2023,93,first_2,"936161.0,935284.0,939503.0,933826.0"
2023,41,first_2,"411264.0,413209.0"
2023,74,first_2,"741556.0,743048.0,744599.0,748787.0"
2023,83,first_2,"830529.0,838002.0,832474,839068.0"
2023,72,first_2,"726145,727745.0,729568,723519.0,725817"
2023,64,first_2,"640222,640613,648063"
2023,84,first_2,"840504,845711"
2023,98,first_2,"982748,989926,988739.0"
2023,54,first_2,"544194,546802.0,547717.0"
2023,59,first_2,"590641,596424.0,596004.0"
2023,40,first_2,"405795,407917,409163,409074.0,407756.0,409033.0"
2023,61,first_2,"613551,617055.0"
2023,24,first_2,"243910,245982.0,243582.0,241754.0,247429.0,240107"
2023,65,first_2,"655771,652887"
2023,81,first_2,"818775,811533.0,814004.0,816456.0,810616.0"
2023,10,first_2,"104268,105514.0,108952"
2023,18,first_2,"186093.0,186792.0,180011,188354.0,185783"
2023,55,first_2,"558473.0,557075.0,555546.0,553722.0,556302.0,556511"
2023,91,first_2,"915617.0,911065.0,919608.0,917956.0,919223"
2023,75,first_2,"757116.0,755357.0"
2023,16,first_2,"160541.0,168108,169699"
2023,26,first_2,"261095.0,268290.0,265260,261309.0"
2023,45,first_2,"454248.0,450400"
2023,35,first_2,"350526.0,359775.0,353848.0"
2023,76,first_2,"767856.0,764308.0"
2023,37,first_2,"373171.0,375239.0,375528.0,374277.0,374715"
2023,99,first_2,"996627.0,997147.0,998231"
2023,47,first_2,"478568.0,475588.0,473576.0,470962"
2023,36,first_2,"365438.0,367419.0,368035,364446.0"
2023,49,first_2,"495979.0,499106,495486,492775"
2023,30,first_2,"300259.0,303966.0,302095.0"
2023,13,first_2,"134718.0,131422.0,131102.0,137452.0"
2023,73,first_2,"733300.0,737184,738617.0,732899.0"
2023,20,first_2,"205122.0,206025.0,200261,206200.0,202737.0,203263.0,200159.0"
2023,29,first_2,"292825.0,292517.0,294042.0"
2023,62,first_2,"626621.0,622799,624370.0,622156.0,627833.0"
2023,53,first_2,"535092.0,532364.0"
2023,25,first_2,"252671,255835.0,254298.0,258961.0,255746.0,250899.0,253199.0,252839,256541"
2023,79,first_2,"799001,798958.0"
2023,94,first_2,"940290,943012.0,948626.0"
2023,48,first_2,"484827.0,489862.0,482230.0,480566"
2023,43,first_2,"434230.0,435072.0,435030.0"
2023,96,first_2,"965359.0,965999.0"
2023,19,first_2,"195777.0,190927.0,197092.0"
2023,51,first_2,"516437.0,516213.0,511035.0,519598.0"
2023,60,first_2,"603113.0,600110.0,605976"
2023,86,first_2,"867769.0,864867.0"
2023,90,first_2,"902067.0,905786.0,905089.0"
2023,78,first_2,"787439.0,780640,787010"
2023,95,first_2,"958011.0,953828"
2023,.0,last_2,"673215.0,697023.0,825245.0,235548.0,829783.0,129177.0,225885.0,665886.0,670474.0,699910.0,144539.0,522034.0,289981.0,890581.0,286861.0,634255.0,116554.0,327216.0,236433.0,332073.0,704947.0,220378.0,150650.0,216469.0,318488.0,717052.0,151451.0,884555.0,444962.0,921967.0,469188.0,859990.0,872135.0,460671.0,687726.0,801517.0,523203.0,178704.0,427933.0,801915.0,570506.0,778890.0,383099.0,500807.0,582888.0,275132.0,936161.0,574518.0,935284.0,411264.0,741556.0,507642.0,679755.0,449050.0,775052.0,830529.0,884098.0,639965.0,186093.0,281760.0,149590.0,897532.0,558473.0,926437.0,577530.0,105514.0,915617.0,757116.0,637317.0,283635.0,274506.0,527783.0,245982.0,503494.0,160541.0,261095.0,215003.0,988739.0,454248.0,838002.0,350526.0,186792.0,154189.0,596424.0,870227.0,218162.0,767856.0,529705.0,110270.0,373171.0,853989.0,996627.0,478568.0,317545.0,365438.0,495979.0,214912.0,300259.0,338068.0,617055.0,727745.0,134718.0,231968.0,359775.0,733300.0,205122.0,292825.0,375239.0,626621.0,800219.0,475588.0,206025.0,268290.0,270100.0,893279.0,171902.0,667585.0,557075.0,178792.0,776177.0,997147.0,715068.0,805408.0,118475.0,555546.0,553722.0,446962.0,535092.0,292517.0,281483.0,806465.0,672019.0,220333.0,911065.0,473576.0,560758.0,225511.0,384524.0,147476.0,811533.0,375528.0,353848.0,156756.0,237744.0,883030.0,243582.0,413209.0,367419.0,939503.0,241754.0,255835.0,280459.0,445814.0,523562.0,484827.0,434230.0,206200.0,409074.0,698536.0,919608.0,586813.0,917956.0,131422.0,254298.0,570940.0,857457.0,624370.0,965359.0,814004.0,407756.0,188354.0,798958.0,195777.0,258961.0,255746.0,247429.0,528544.0,516437.0,710771.0,738617.0,852356.0,210777.0,603113.0,867769.0,902067.0,202737.0,704626.0,190927.0,924418.0,272581.0,329221.0,943012.0,816456.0,516213.0,322904.0,374277.0,230662.0,511035.0,723519.0,873084.0,755357.0,390862.0,364446.0,435072.0,588588.0,203263.0,713201.0,933826.0,787439.0,682046.0,294042.0,929546.0,622156.0,197092.0,929441.0,427128.0,303966.0,409033.0,129409.0,128210.0,905786.0,250899.0,489862.0,600110.0,200159.0,857079.0,732899.0,974984.0,824552.0,220689.0,764308.0,261309.0,325587.0,546802.0,519598.0,465665.0,226992.0,839068.0,743048.0,131102.0,532364.0,435030.0,596004.0,948626.0,302095.0,864867.0,905089.0,690197.0,482230.0,695529.0,810616.0,772087.0,556302.0,278342.0,665263.0,588401.0,627833.0,958011.0,253199.0,507803.0,965999.0,873729.0,137452.0,744599.0,748787.0,547717.0,110927.0"
2023,07,last_2,"148407,240107"
2023,76,last_2,"683576,605976"
2023,04,last_2,"840504,773104"
2023,52,last_2,"698752,271752,108952"
2023,63,last_2,"501963,409163,648063"
2023,47,last_2,"525247,664947"
2023,93,last_2,"342893,674793"
2023,55,last_2,"820555,528455"
2023,94,last_2,"570994,544194"
2023,41,last_2,"590641,633441,256541"
2023,51,last_2,"613551,674851"
2023,10,last_2,"243910,787010,827010"
2023,71,last_2,"655771,252671"
2023,75,last_2,"818775,492775"
2023,13,last_2,"858713,640613"
2023,68,last_2,"104268,729568"
2023,01,last_2,"115501,799001"
2023,11,last_2,"845711,180011,556511"
2023,17,last_2,"407917,725817"
2023,31,last_2,"319431,998231"
2023,99,last_2,"622799,169699"
2023,87,last_2,"652887,232487,421787"
2023,66,last_2,"632466,480566,526666"
2023,08,last_2,"116708,168108"
2023,43,last_2,"444543,686743"
2023,86,last_2,"495486,704186"
2023,61,last_2,"200261,227161"
2023,129,first_3,"129177.0,129409.0"
2023,225,first_3,"225885.0,225511.0"
2023,665,first_3,"665886.0,665263.0"
2023,116,first_3,"116554.0,116708"
2023,704,first_3,"704947.0,704626.0,704186"
2023,220,first_3,"220378.0,220333.0,220689.0"
2023,884,first_3,"884555.0,884098.0"
2023,444,first_3,"444962.0,444543"
2023,801,first_3,"801517.0,801915.0"
2023,523,first_3,"523203.0,523562.0"
2023,178,first_3,"178704.0,178792.0"
2023,427,first_3,"427933.0,427128.0"
2023,570,first_3,"570506.0,570994,570940.0"
2023,500,first_3,"500807.0,500192"
2023,507,first_3,"507642.0,507803.0"
2023,640,first_3,"640222,640613"
2023,698,first_3,"698752,698536.0"
2023,672,first_3,"672485,672019.0"
2023,317,first_3,"317032,317545.0"
2023,145,first_3,"145424,145621"
2023,222,first_3,"222282,222850"
2023,243,first_3,"243910,243582.0"
2023,186,first_3,"186093.0,186792.0"
2023,281,first_3,"281760.0,281483.0"
2023,261,first_3,"261095.0,261309.0"
2023,596,first_3,"596424.0,596004.0"
2023,110,first_3,"110270.0,110927.0"
2023,495,first_3,"495979.0,495486"
2023,292,first_3,"292825.0,292517.0"
2023,375,first_3,"375239.0,375528.0"
2023,206,first_3,"206025.0,206200.0"
2023,252,first_3,"252671,252839"
2023,929,first_3,"929054,929546.0,929441.0"
2023,407,first_3,"407917,407756.0"
2023,710,first_3,"710702,710771.0"
2023,622,first_3,"622799,622156.0"
2023,409,first_3,"409163,409074.0,409033.0"
2023,200,first_3,"200261,200159.0"
2023,674,first_3,"674851,674793"
2023,528,first_3,"528455,528544.0,528870"
2023,255,first_3,"255835.0,255746.0"
2023,919,first_3,"919608.0,919223"
2023,131,first_3,"131422.0,131102.0"
2023,857,first_3,"857457.0,857079.0"
2023,965,first_3,"965359.0,965999.0"
2023,516,first_3,"516437.0,516213.0"
2023,374,first_3,"374277.0,374715"
2023,873,first_3,"873084.0,873729.0"
2023,435,first_3,"435072.0,435030.0"
2023,588,first_3,"588588.0,588401.0"
2023,787,first_3,"787439.0,787010"
2023,905,first_3,"905786.0,905089.0"
2023,556,first_3,"556302.0,556511"
2023,827,first_3,"827159,827010"
2023,5.0,last_3,"673215.0,825245.0,225885.0,634255.0,884555.0,872135.0,801915.0,679755.0,639965.0,283635.0,261095.0,529705.0,317545.0,617055.0,727745.0,359775.0,292825.0,206025.0,667585.0,557075.0,118475.0,806465.0,911065.0,255835.0,511035.0,465665.0,302095.0"
2023,3.0,last_3,"697023.0,829783.0,236433.0,332073.0,523203.0,427933.0,186093.0,558473.0,527783.0,215003.0,281483.0,220333.0,811533.0,939503.0,586813.0,603113.0,516213.0,203263.0,409033.0,665263.0,627833.0,507803.0"
2023,8.0,last_3,"235548.0,220378.0,318488.0,469188.0,582888.0,574518.0,884098.0,454248.0,478568.0,365438.0,338068.0,134718.0,231968.0,475588.0,715068.0,805408.0,560758.0,375528.0,353848.0,919608.0,254298.0,798958.0,924418.0,588588.0,427128.0,764308.0,519598.0,839068.0,743048.0"
2023,7.0,last_3,"129177.0,704947.0,921967.0,801517.0,500807.0,926437.0,915617.0,637317.0,870227.0,996627.0,776177.0,997147.0,292517.0,484827.0,857457.0,195777.0,516437.0,738617.0,210777.0,902067.0,202737.0,190927.0,374277.0,755357.0,325587.0,864867.0,690197.0,772087.0,748787.0,547717.0,110927.0"
2023,6.0,last_3,"665886.0,327216.0,687726.0,570506.0,741556.0,757116.0,274506.0,350526.0,767856.0,555546.0,473576.0,147476.0,156756.0,698536.0,917956.0,407756.0,255746.0,852356.0,704626.0,816456.0,364446.0,933826.0,682046.0,929546.0,622156.0,303966.0,905786.0,948626.0,810616.0"
2023,4.0,last_3,"670474.0,522034.0,116554.0,178704.0,935284.0,411264.0,105514.0,503494.0,596424.0,384524.0,237744.0,241754.0,445814.0,409074.0,814004.0,188354.0,528544.0,322904.0,873084.0,974984.0,532364.0,596004.0"
2023,0.0,last_3,"699910.0,150650.0,859990.0,778890.0,449050.0,281760.0,149590.0,577530.0,110270.0,733300.0,268290.0,270100.0,883030.0,434230.0,206200.0,570940.0,624370.0,128210.0,600110.0,435030.0,482230.0"
2023,9.0,last_3,"144539.0,216469.0,383099.0,830529.0,988739.0,154189.0,853989.0,495979.0,300259.0,375239.0,800219.0,893279.0,672019.0,413209.0,367419.0,280459.0,965359.0,247429.0,867769.0,723519.0,787439.0,129409.0,250899.0,200159.0,857079.0,732899.0,220689.0,261309.0,905089.0,695529.0,253199.0,965999.0,873729.0,744599.0"
2023,1.0,last_3,"289981.0,890581.0,286861.0,151451.0,460671.0,936161.0,160541.0,373171.0,626621.0,225511.0,258961.0,710771.0,272581.0,329221.0,713201.0,929441.0,588401.0,958011.0"
2023,2.0,last_3,"717052.0,444962.0,275132.0,507642.0,775052.0,897532.0,245982.0,838002.0,186792.0,218162.0,214912.0,205122.0,171902.0,178792.0,553722.0,446962.0,535092.0,243582.0,523562.0,131422.0,943012.0,230662.0,390862.0,435072.0,294042.0,197092.0,489862.0,824552.0,546802.0,226992.0,131102.0,556302.0,278342.0,137452.0"
2023,752,last_3,"698752,271752"
2023,775,last_3,"818775,492775"
2023,010,last_3,"787010,827010"
2024,26,first_2,"265900.0,263834,267803.0,260287.0"
2024,82,first_2,"823141.0,824838.0,826729.0,829065,829857"
2024,35,first_2,"358882.0,350822.0,358098"
2024,10,first_2,"107873.0,107035.0,107065.0,105427"
2024,17,first_2,"177277.0,174603.0,175777.0,177570.0,177710,171484,175020,174158.0,179242.0,178754.0,174096,173765"
2024,37,first_2,"373074.0,372274.0,377253.0,373000.0,376244.0,376453.0"
2024,93,first_2,"933564.0,930353,937679.0,936651"
2024,32,first_2,"329226.0,322071.0,329554.0,323721,320720.0,329312.0,325526"
2024,76,first_2,"761080.0,769255.0,769524,768946.0"
2024,19,first_2,"197551.0,194901.0,193350.0,194682"
2024,38,first_2,"386468.0,380682.0,384889.0,389773.0,386415.0"
2024,85,first_2,"857442.0,856295.0,853246.0"
2024,54,first_2,"544098.0,544773.0,548159,549427.0,545874"
2024,40,first_2,"402226.0,407408.0,409399.0"
2024,70,first_2,"707363.0,706001.0,701324"
2024,68,first_2,"689912.0,689904.0,681579.0"
2024,63,first_2,"637137.0,633955.0,637750.0,630165.0"
2024,22,first_2,"224091.0,220001.0,227485.0"
2024,20,first_2,"208488.0,206642.0,209399.0,209861,208934,202833.0,203578.0,208368"
2024,90,first_2,"905477.0,904183.0,903276.0,901844,909787.0"
2024,39,first_2,"393750.0,392107.0,395751.0"
2024,61,first_2,"619922.0,618789.0,615458.0,612385.0,619722.0,619287.0"
2024,73,first_2,"737744.0,734959.0,738928.0,730904"
2024,52,first_2,"525224.0,524074.0,523994.0"
2024,58,first_2,"586971.0,588585.0,581618,585205.0,585027.0"
2024,31,first_2,"313959.0,315068.0,319632.0,314374.0"
2024,45,first_2,"451246.0,450101.0,456729"
2024,69,first_2,"690364.0,692542.0"
2024,29,first_2,"297608.0,299857.0,295690.0,299699.0,298935.0,297425.0"
2024,27,first_2,"272099.0,278421.0"
2024,24,first_2,"243485.0,243795,243262.0,248577.0,240975.0"
2024,50,first_2,"504089.0,506100,506256.0,500552.0,505251.0,502380.0,501811,502904,506060,506852.0,507742.0,506517.0,506035"
2024,57,first_2,"575087.0,579555.0,578950.0,575824.0,579652.0,574899.0"
2024,13,first_2,"136339.0,135575.0,134257.0,133089.0"
2024,64,first_2,"640265.0,649925,640177,648015,644531.0,645637.0,649722.0,644906.0,648809"
2024,88,first_2,"889140,886529,884507,884654.0"
2024,75,first_2,"750171,758528.0,752253.0,759965.0,759139.0"
2024,95,first_2,"959785,954802"
2024,77,first_2,"779092,776535,770249.0,770782.0"
2024,59,first_2,"594080,592783.0,590871.0,592907.0"
2024,94,first_2,"945870,942669.0,947440.0,949878,942404.0,948447.0,946089"
2024,42,first_2,"420764,420244.0,425176.0,427542.0,428899.0,429216.0,429654.0"
2024,14,first_2,"146330,145065.0,149503.0"
2024,92,first_2,"928702,920716,928561"
2024,23,first_2,"232237,239751.0,239020.0,235952.0,236912,230272"
2024,67,first_2,"679765,675683,676585.0,675974.0"
2024,51,first_2,"519006,519665.0,517538"
2024,81,first_2,"813150,815501.0,815510.0,819787.0,819745"
2024,30,first_2,"308797,307150,305326.0"
2024,16,first_2,"160502,161209.0,168524.0,167165.0"
2024,99,first_2,"994936.0,998730.0,994542.0,998954,990451.0,998200,999699"
2024,91,first_2,"915887.0,917452.0,915949.0,918494.0,918331"
2024,74,first_2,"744948.0,743663.0,745885.0"
2024,12,first_2,"129908.0,128212.0,129053.0,121169.0,127562.0"
2024,89,first_2,"897550.0,895595.0,898315.0"
2024,65,first_2,"650269.0,655547.0,652161,654969,655342"
2024,83,first_2,"835041.0,833495.0,834020.0"
2024,47,first_2,"479772.0,472138.0,478754.0,473769.0,475528.0,478593.0"
2024,72,first_2,"720388.0,724506.0,729245.0,723784,728864,728408"
2024,97,first_2,"970249.0,978869"
2024,49,first_2,"499424.0,490987.0,490210.0"
2024,87,first_2,"870457.0,879035.0,872247.0"
2024,60,first_2,"606517.0,600639.0,609915.0,602476.0"
2024,48,first_2,"488286.0,486319.0,484910.0,485553,486782.0,485746.0"
2024,34,first_2,"348822.0,347993.0,345463.0,348922.0,346652.0,346716"
2024,43,first_2,"432775.0,434222.0,432099.0"
2024,11,first_2,"110135.0,114832,118247,115043.0,117591.0"
2024,56,first_2,"564449.0,565734.0,563324,566681.0"
2024,80,first_2,"808574.0,809978.0"
2024,53,first_2,"533367.0,537132.0,538427.0"
2024,62,first_2,"626574.0,622939.0,627505"
2024,86,first_2,"860099.0,861210.0"
2024,25,first_2,"252192,254528.0,252136.0"
2024,33,first_2,"339801,338038.0,336876.0,336842.0,334811,331110"
2024,28,first_2,"285478,280026.0,285065.0,281146.0,283251"
2024,18,first_2,"188982.0,181272.0,180542.0,188169.0"
2024,84,first_2,"848007.0,845385.0,841794"
2024,21,first_2,"211295.0,212949.0"
2024,96,first_2,"967262.0,969212.0,961469.0,966347"
2024,.0,last_2,"265900.0,823141.0,358882.0,107873.0,177277.0,373074.0,933564.0,329226.0,761080.0,197551.0,174603.0,175777.0,322071.0,668146.0,386468.0,857442.0,769255.0,544098.0,402226.0,707363.0,463774.0,689912.0,637137.0,224091.0,633955.0,208488.0,220001.0,905477.0,393750.0,619922.0,177570.0,737744.0,525224.0,350822.0,586971.0,206642.0,194901.0,313959.0,451246.0,690364.0,297608.0,272099.0,588585.0,243485.0,299857.0,504089.0,380682.0,209399.0,544773.0,575087.0,295690.0,329554.0,361894.0,136339.0,135575.0,734959.0,640265.0,738928.0,299699.0,202833.0,161209.0,506256.0,392107.0,994936.0,915887.0,174158.0,644531.0,917452.0,744948.0,239751.0,407408.0,409399.0,193350.0,129908.0,107035.0,239020.0,444254.0,278421.0,942669.0,897550.0,650269.0,243262.0,500552.0,835041.0,856295.0,815501.0,479772.0,720388.0,168524.0,970249.0,904183.0,499424.0,618789.0,870457.0,606517.0,815510.0,488286.0,998730.0,248577.0,743663.0,758528.0,348822.0,450101.0,432775.0,110135.0,564449.0,808574.0,486319.0,179242.0,549427.0,533367.0,692542.0,592783.0,420244.0,986255.0,490987.0,879035.0,676585.0,915949.0,235952.0,833495.0,519665.0,472138.0,203578.0,585205.0,484910.0,565734.0,384889.0,372274.0,626574.0,994542.0,579555.0,860099.0,145065.0,861210.0,645637.0,425176.0,478754.0,578950.0,505251.0,502380.0,600639.0,918494.0,745885.0,575824.0,903276.0,947440.0,585027.0,128212.0,377253.0,254528.0,622939.0,724506.0,347993.0,338038.0,395751.0,884654.0,336876.0,990451.0,389773.0,853246.0,473769.0,675974.0,320720.0,486782.0,373000.0,942404.0,427542.0,280026.0,609915.0,579652.0,490210.0,770249.0,386415.0,188982.0,602476.0,134257.0,895595.0,267803.0,315068.0,848007.0,298935.0,649722.0,211295.0,845385.0,240975.0,181272.0,416465.0,809978.0,329312.0,834020.0,475528.0,376244.0,129053.0,706001.0,178754.0,898315.0,644906.0,637750.0,655547.0,615458.0,212949.0,689904.0,948447.0,345463.0,681579.0,752253.0,115043.0,376453.0,506852.0,790019.0,485746.0,768946.0,121169.0,434222.0,937679.0,967262.0,969212.0,127562.0,319632.0,348922.0,478593.0,759965.0,961469.0,107065.0,909787.0,285065.0,612385.0,180542.0,566681.0,336842.0,819787.0,432099.0,537132.0,428899.0,314374.0,252136.0,619722.0,133089.0,507742.0,281146.0,770782.0,167165.0,305326.0,524074.0,506517.0,117591.0,590871.0,538427.0,824838.0,872247.0,297425.0,729245.0,759139.0,826729.0,227485.0,429216.0,592907.0,630165.0,523994.0,260287.0,619287.0,149503.0,574899.0,188169.0,346652.0,429654.0"
2024,29,last_2,"886529,456729,710229"
2024,00,last_2,"506100,998200"
2024,61,last_2,"209861,652161,928561"
2024,92,last_2,"779092,252192"
2024,64,last_2,"420764,728864"
2024,34,last_2,"263834,208934"
2024,02,last_2,"928702,160502,954802"
2024,10,last_2,"177710,331110"
2024,65,last_2,"679765,829065,173765"
2024,50,last_2,"813150,307150"
2024,84,last_2,"171484,785784,723784"
2024,72,last_2,"554372,230272"
2024,11,last_2,"501811,334811"
2024,69,last_2,"978869,654969"
2024,53,last_2,"485553,930353"
2024,04,last_2,"502904,730904"
2024,24,last_2,"563324,769524,701324"
2024,78,last_2,"949878,285478"
2024,35,last_2,"776535,506035"
2024,47,last_2,"118247,966347"
2024,16,last_2,"920716,346716"
2024,51,last_2,"936651,283251"
2024,358,first_3,"358882.0,358098"
2024,107,first_3,"107873.0,107035.0,107065.0"
2024,177,first_3,"177277.0,177570.0,177710"
2024,373,first_3,"373074.0,373000.0"
2024,329,first_3,"329226.0,329554.0,329312.0"
2024,174,first_3,"174603.0,174158.0,174096"
2024,175,first_3,"175777.0,175020"
2024,386,first_3,"386468.0,386415.0"
2024,769,first_3,"769255.0,769524"
2024,544,first_3,"544098.0,544773.0"
2024,689,first_3,"689912.0,689904.0"
2024,637,first_3,"637137.0,637750.0"
2024,208,first_3,"208488.0,208934,208368"
2024,619,first_3,"619922.0,619722.0,619287.0"
2024,194,first_3,"194901.0,194682"
2024,297,first_3,"297608.0,297425.0"
2024,243,first_3,"243485.0,243795,243262.0"
2024,299,first_3,"299857.0,299699.0"
2024,209,first_3,"209399.0,209861"
2024,575,first_3,"575087.0,575824.0"
2024,640,first_3,"640265.0,640177"
2024,506,first_3,"506100,506256.0,506060,506852.0,506517.0,506035"
2024,649,first_3,"649925,649722.0"
2024,420,first_3,"420764,420244.0"
2024,928,first_3,"928702,928561"
2024,519,first_3,"519006,519665.0"
2024,648,first_3,"648015,648809"
2024,675,first_3,"675683,675974.0"
2024,884,first_3,"884507,884654.0"
2024,994,first_3,"994936.0,994542.0"
2024,915,first_3,"915887.0,915949.0"
2024,644,first_3,"644531.0,644906.0"
2024,239,first_3,"239751.0,239020.0"
2024,129,first_3,"129908.0,129053.0"
2024,942,first_3,"942669.0,942404.0"
2024,815,first_3,"815501.0,815510.0"
2024,998,first_3,"998730.0,998954,998200"
2024,348,first_3,"348822.0,348922.0"
2024,432,first_3,"432775.0,432099.0"
2024,486,first_3,"486319.0,486782.0"
2024,592,first_3,"592783.0,592907.0"
2024,490,first_3,"490987.0,490210.0"
2024,585,first_3,"585205.0,585027.0"
2024,579,first_3,"579555.0,579652.0"
2024,478,first_3,"478754.0,478593.0"
2024,502,first_3,"502380.0,502904"
2024,918,first_3,"918494.0,918331"
2024,252,first_3,"252192,252136.0"
2024,485,first_3,"485553,485746.0"
2024,285,first_3,"285478,285065.0"
2024,336,first_3,"336876.0,336842.0"
2024,770,first_3,"770249.0,770782.0"
2024,188,first_3,"188982.0,188169.0"
2024,376,first_3,"376244.0,376453.0"
2024,655,first_3,"655547.0,655342"
2024,759,first_3,"759965.0,759139.0"
2024,819,first_3,"819787.0,819745"
2024,429,first_3,"429216.0,429654.0"
2024,346,first_3,"346652.0,346716"
2024,829,first_3,"829065,829857"
2024,728,first_3,"728864,728408"
2024,0.0,last_3,"265900.0,761080.0,393750.0,177570.0,295690.0,193350.0,239020.0,897550.0,815510.0,998730.0,484910.0,861210.0,578950.0,502380.0,947440.0,320720.0,373000.0,490210.0,834020.0,637750.0"
2024,1.0,last_3,"823141.0,197551.0,322071.0,224091.0,220001.0,586971.0,194901.0,644531.0,239751.0,278421.0,835041.0,815501.0,450101.0,505251.0,395751.0,990451.0,706001.0,566681.0,117591.0,590871.0"
2024,2.0,last_3,"358882.0,857442.0,689912.0,619922.0,350822.0,206642.0,380682.0,917452.0,243262.0,500552.0,479772.0,348822.0,179242.0,692542.0,235952.0,994542.0,128212.0,486782.0,427542.0,579652.0,188982.0,649722.0,181272.0,329312.0,506852.0,434222.0,967262.0,969212.0,127562.0,319632.0,348922.0,180542.0,336842.0,537132.0,619722.0,507742.0,770782.0,346652.0"
2024,3.0,last_3,"107873.0,174603.0,707363.0,544773.0,202833.0,904183.0,743663.0,592783.0,377253.0,347993.0,389773.0,267803.0,129053.0,345463.0,752253.0,115043.0,376453.0,478593.0,149503.0"
2024,7.0,last_3,"177277.0,175777.0,637137.0,905477.0,299857.0,575087.0,392107.0,915887.0,870457.0,606517.0,248577.0,549427.0,533367.0,490987.0,645637.0,585027.0,134257.0,848007.0,655547.0,948447.0,909787.0,819787.0,506517.0,538427.0,872247.0,592907.0,260287.0,619287.0"
2024,4.0,last_3,"373074.0,933564.0,463774.0,737744.0,525224.0,690364.0,329554.0,361894.0,444254.0,168524.0,499424.0,808574.0,420244.0,565734.0,372274.0,626574.0,478754.0,918494.0,575824.0,884654.0,675974.0,942404.0,376244.0,178754.0,689904.0,314374.0,524074.0,523994.0,429654.0"
2024,6.0,last_3,"329226.0,668146.0,402226.0,451246.0,506256.0,994936.0,488286.0,425176.0,903276.0,724506.0,336876.0,853246.0,280026.0,602476.0,644906.0,485746.0,768946.0,252136.0,281146.0,305326.0,429216.0"
2024,8.0,last_3,"386468.0,544098.0,208488.0,297608.0,738928.0,174158.0,744948.0,407408.0,129908.0,720388.0,758528.0,472138.0,203578.0,254528.0,338038.0,315068.0,809978.0,475528.0,615458.0,824838.0"
2024,5.0,last_3,"769255.0,633955.0,588585.0,243485.0,135575.0,640265.0,107035.0,856295.0,432775.0,110135.0,986255.0,879035.0,676585.0,833495.0,519665.0,585205.0,579555.0,145065.0,745885.0,609915.0,386415.0,895595.0,298935.0,211295.0,845385.0,240975.0,416465.0,898315.0,759965.0,107065.0,285065.0,612385.0,167165.0,297425.0,729245.0,227485.0,630165.0"
2024,9.0,last_3,"313959.0,272099.0,504089.0,209399.0,136339.0,734959.0,299699.0,161209.0,409399.0,942669.0,650269.0,970249.0,618789.0,564449.0,486319.0,915949.0,384889.0,860099.0,600639.0,622939.0,473769.0,770249.0,212949.0,681579.0,790019.0,121169.0,937679.0,961469.0,432099.0,428899.0,133089.0,759139.0,826729.0,574899.0,188169.0"
2024,765,last_3,"679765,173765"
2024,150,last_3,"813150,307150"
2024,811,last_3,"501811,334811"
2024,904,last_3,"502904,730904"
2024,784,last_3,"785784,723784"
2024,324,last_3,"563324,701324"
2024,716,last_3,"920716,346716"
2025,37,first_2,"379675.0,370854.0,378982.0,375864,379448,379356,378007.0,379998.0,377084.0"
2025,17,first_2,"171048.0,179430.0,173629.0,171439.0,178246.0,179140.0"
2025,82,first_2,"827858.0,824501,829012.0"
2025,25,first_2,"258521.0,257441.0,258561.0"
2025,84,first_2,"840995.0,846639.0,842294.0,840144.0"
2025,19,first_2,"193404.0,191941,193208.0,195227.0,195753.0"
2025,30,first_2,"303156.0,300562.0,304976,307617.0,301061.0,302032.0"
2025,52,first_2,"525727.0,520423.0,527523.0,528610.0"
2025,49,first_2,"495793.0,498089,493021.0,496927.0"
2025,60,first_2,"602998.0,603275.0,602245,602570.0"
2025,58,first_2,"586929.0,584474.0,586755.0,583002.0"
2025,87,first_2,"873570.0,876484.0,871330.0,870939.0,870677.0"
2025,27,first_2,"278750.0,279979,273137,277376.0"
2025,12,first_2,"123416.0,122462.0,128727.0"
2025,54,first_2,"544509.0,541229.0"
2025,76,first_2,"761270.0,763057.0"
2025,23,first_2,"236460.0,237071,237122.0,236657.0,238887.0,235028.0"
2025,16,first_2,"162254.0,164909.0"
2025,93,first_2,"933705.0,939961.0"
2025,61,first_2,"610554.0,612922.0,613976.0"
2025,10,first_2,"108857.0,103715.0,109153.0"
2025,31,first_2,"318374.0,318249.0,313650.0"
2025,34,first_2,"344245.0,345148.0,344766.0,345939.0"
2025,70,first_2,"706478.0,706299.0,707158,705814.0,709241.0,708923.0"
2025,21,first_2,"213866.0,216211.0,210935.0,216120.0,219851.0,214059.0"
2025,72,first_2,"726092.0,720120.0,726828.0"
2025,38,first_2,"387132.0,388649,383226.0,387017.0,385280.0,389960.0"
2025,40,first_2,"402137.0,401876.0,400431.0,400420.0,409920.0,409455.0"
2025,32,first_2,"323600.0,327499.0,325948.0,324114.0,325688.0"
2025,74,first_2,"740168.0,748920,745119.0,748405.0"
2025,83,first_2,"838612.0,835995.0"
2025,45,first_2,"456282.0,458016"
2025,67,first_2,"678480.0,678890.0,671411.0,678572.0,677584.0"
2025,47,first_2,"475398.0,472768.0,479575.0,471230,470148.0"
2025,69,first_2,"694997.0,693615.0,697278.0"
2025,24,first_2,"249155.0,242127,240522.0,245048.0,248735.0"
2025,94,first_2,"945869.0,941597.0"
2025,22,first_2,"224496.0,222080.0,220046.0,224817.0"
2025,33,first_2,"332063.0,339320.0,336829.0,339851.0"
2025,62,first_2,"627991.0,620900.0"
2025,63,first_2,"639432,634706.0,631988.0,636184.0"
2025,78,first_2,"789821,782442.0,788753.0,782804.0,781756.0"
2025,26,first_2,"264145,265809.0,261432.0,264265.0"
2025,86,first_2,"864255,860290.0"
2025,20,first_2,"209581,204266.0,209957.0,209551.0"
2025,43,first_2,"438123,433789.0"
2025,65,first_2,"659533,659096.0"
2025,90,first_2,"906545,904272.0"
2025,42,first_2,"420046,422035,423134.0,420044.0,429773.0,423775.0"
2025,36,first_2,"368845,368974.0,368535.0"
2025,46,first_2,"460124.0,465907.0,469412.0"
2025,51,first_2,"513715.0,514655.0,510311.0,514226.0"
2025,92,first_2,"928155.0,926709.0"
2025,80,first_2,"808430.0,803045.0,807900.0"
2025,29,first_2,"298420.0,299702.0,296745.0"
2025,57,first_2,"579460.0,577518.0"
2025,35,first_2,"351400.0,357932.0,350667.0,354014.0,351367.0,357510.0"
2025,39,first_2,"394770.0,395492.0"
2025,88,first_2,"888919.0,889640.0,883464.0,887616.0"
2025,85,first_2,"854962.0,856706.0"
2025,50,first_2,"500505.0,502746.0,503860.0,501046.0,502763.0"
2025,81,first_2,"819735.0,819960.0"
2025,14,first_2,"145650.0,145666.0"
2025,13,first_2,"133796.0,135197.0,138974.0"
2025,18,first_2,"187348.0,182932.0,181790.0,184440.0"
2025,44,first_2,"442727.0,440696.0,445643.0"
2025,.0,last_2,"379675.0,171048.0,827858.0,258521.0,840995.0,918188.0,193404.0,303156.0,370854.0,525727.0,495793.0,846639.0,602998.0,641769.0,753116.0,586929.0,873570.0,584474.0,278750.0,123416.0,544509.0,761270.0,236460.0,603275.0,162254.0,933705.0,610554.0,378982.0,108857.0,318374.0,344245.0,706478.0,213866.0,726092.0,387132.0,706299.0,402137.0,876484.0,323600.0,740168.0,838612.0,456282.0,678480.0,475398.0,694997.0,401876.0,472768.0,678890.0,249155.0,665237.0,286610.0,945869.0,300562.0,224496.0,479575.0,400431.0,332063.0,627991.0,460124.0,513715.0,345148.0,216211.0,928155.0,465907.0,808430.0,298420.0,237122.0,265809.0,210935.0,871330.0,659096.0,368974.0,216120.0,579460.0,351400.0,394770.0,888919.0,720120.0,964505.0,383226.0,240522.0,854962.0,327499.0,602570.0,889640.0,520423.0,620900.0,726828.0,179430.0,829012.0,500505.0,560215.0,819735.0,782442.0,339320.0,173629.0,368535.0,870939.0,502746.0,503860.0,527523.0,528610.0,693615.0,400420.0,586755.0,788753.0,193208.0,307617.0,171439.0,671411.0,245048.0,480956.0,423134.0,204266.0,318249.0,325948.0,514655.0,301061.0,860290.0,145650.0,103715.0,387017.0,133796.0,164909.0,187348.0,420044.0,178246.0,182932.0,782804.0,493021.0,510311.0,442727.0,109153.0,496927.0,222080.0,705814.0,181790.0,135197.0,856706.0,709241.0,883464.0,770015.0,409920.0,357932.0,577518.0,145666.0,138974.0,257441.0,350667.0,324114.0,236657.0,195227.0,501046.0,745119.0,179140.0,344766.0,258561.0,378007.0,395492.0,220046.0,697278.0,385280.0,440696.0,634706.0,224817.0,184440.0,538337.0,238887.0,678572.0,409455.0,433789.0,954960.0,803045.0,469412.0,379998.0,277376.0,941597.0,514226.0,354014.0,677584.0,418177.0,299702.0,248735.0,612922.0,748405.0,842294.0,835995.0,631988.0,351367.0,807900.0,583002.0,445643.0,819960.0,219851.0,470148.0,613976.0,763057.0,209957.0,261432.0,708923.0,377084.0,345939.0,636184.0,214059.0,302032.0,541229.0,122462.0,357510.0,502763.0,209551.0,336829.0,264265.0,339851.0,904272.0,296745.0,781756.0,313650.0,429773.0,939961.0,926709.0,325688.0,128727.0,195753.0,735716.0,870677.0,887616.0,235028.0,423775.0,840144.0,389960.0"
2025,64,last_2,"796564,375864"
2025,21,last_2,"789821,997621"
2025,45,last_2,"264145,602245,906545,368845"
2025,379,first_3,"379675.0,379448,379356,379998.0"
2025,171,first_3,"171048.0,171439.0"
2025,258,first_3,"258521.0,258561.0"
2025,840,first_3,"840995.0,840144.0"
2025,193,first_3,"193404.0,193208.0"
2025,602,first_3,"602998.0,602245,602570.0"
2025,586,first_3,"586929.0,586755.0"
2025,236,first_3,"236460.0,236657.0"
2025,378,first_3,"378982.0,378007.0"
2025,318,first_3,"318374.0,318249.0"
2025,344,first_3,"344245.0,344766.0"
2025,706,first_3,"706478.0,706299.0"
2025,726,first_3,"726092.0,726828.0"
2025,387,first_3,"387132.0,387017.0"
2025,678,first_3,"678480.0,678890.0,678572.0"
2025,224,first_3,"224496.0,224817.0"
2025,400,first_3,"400431.0,400420.0"
2025,264,first_3,"264145,264265.0"
2025,209,first_3,"209581,209957.0,209551.0"
2025,659,first_3,"659533,659096.0"
2025,237,first_3,"237071,237122.0"
2025,748,first_3,"748920,748405.0"
2025,420,first_3,"420046,420044.0"
2025,368,first_3,"368845,368974.0,368535.0"
2025,345,first_3,"345148.0,345939.0"
2025,216,first_3,"216211.0,216120.0"
2025,351,first_3,"351400.0,351367.0"
2025,179,first_3,"179430.0,179140.0"
2025,819,first_3,"819735.0,819960.0"
2025,782,first_3,"782442.0,782804.0"
2025,339,first_3,"339320.0,339851.0"
2025,870,first_3,"870939.0,870677.0"
2025,502,first_3,"502746.0,502763.0"
2025,423,first_3,"423134.0,423775.0"
2025,325,first_3,"325948.0,325688.0"
2025,514,first_3,"514655.0,514226.0"
2025,145,first_3,"145650.0,145666.0"
2025,409,first_3,"409920.0,409455.0"
2025,357,first_3,"357932.0,357510.0"
2025,195,first_3,"195227.0,195753.0"
2025,5.0,last_3,"379675.0,840995.0,603275.0,933705.0,344245.0,249155.0,479575.0,513715.0,928155.0,210935.0,964505.0,500505.0,560215.0,819735.0,368535.0,693615.0,586755.0,514655.0,103715.0,770015.0,409455.0,803045.0,248735.0,748405.0,835995.0,264265.0,296745.0,423775.0"
2025,8.0,last_3,"171048.0,827858.0,918188.0,602998.0,706478.0,740168.0,475398.0,472768.0,345148.0,726828.0,193208.0,245048.0,325948.0,187348.0,577518.0,697278.0,379998.0,631988.0,470148.0,325688.0,235028.0"
2025,1.0,last_3,"258521.0,400431.0,627991.0,216211.0,671411.0,301061.0,493021.0,510311.0,709241.0,257441.0,258561.0,219851.0,209551.0,339851.0,939961.0"
2025,4.0,last_3,"193404.0,370854.0,584474.0,162254.0,610554.0,318374.0,876484.0,460124.0,368974.0,423134.0,420044.0,782804.0,705814.0,883464.0,138974.0,324114.0,354014.0,677584.0,842294.0,377084.0,636184.0,840144.0"
2025,6.0,last_3,"303156.0,753116.0,123416.0,213866.0,401876.0,224496.0,659096.0,383226.0,502746.0,480956.0,204266.0,133796.0,178246.0,856706.0,145666.0,501046.0,344766.0,220046.0,440696.0,634706.0,277376.0,514226.0,613976.0,781756.0,735716.0,887616.0"
2025,7.0,last_3,"525727.0,108857.0,402137.0,694997.0,665237.0,465907.0,307617.0,387017.0,442727.0,496927.0,135197.0,350667.0,236657.0,195227.0,378007.0,224817.0,538337.0,238887.0,941597.0,418177.0,351367.0,763057.0,209957.0,128727.0,870677.0"
2025,3.0,last_3,"495793.0,332063.0,520423.0,527523.0,788753.0,109153.0,445643.0,708923.0,502763.0,429773.0,195753.0"
2025,9.0,last_3,"846639.0,641769.0,586929.0,544509.0,706299.0,945869.0,265809.0,888919.0,327499.0,173629.0,870939.0,171439.0,318249.0,164909.0,745119.0,433789.0,345939.0,214059.0,541229.0,336829.0,926709.0"
2025,0.0,last_3,"873570.0,278750.0,761270.0,236460.0,323600.0,678480.0,678890.0,286610.0,808430.0,298420.0,871330.0,216120.0,579460.0,351400.0,394770.0,720120.0,602570.0,889640.0,620900.0,179430.0,339320.0,503860.0,528610.0,400420.0,860290.0,145650.0,222080.0,181790.0,409920.0,179140.0,385280.0,184440.0,954960.0,807900.0,819960.0,357510.0,313650.0,389960.0"
2025,2.0,last_3,"378982.0,726092.0,387132.0,838612.0,456282.0,300562.0,237122.0,240522.0,854962.0,829012.0,782442.0,182932.0,357932.0,395492.0,678572.0,469412.0,299702.0,612922.0,583002.0,261432.0,302032.0,122462.0,904272.0"
