JANUARY,2025
Mon,Tue,Wed,Thu,Fri,Sat,Sun
,,1 (2454),2,3 (9098),4 (9173),5 (6599)
"6 (1005, 4278, 5444)",7,8,9 (8037),"10 (2490, 3698)",11,12
13,14 (5213),"15 (4278, 7615)",16,17 (7451),"18 (2357, 7369, 9929)",19 (9027)
20,21 (6503),22 (3174),23,24,25 (6950),26
27 (9173),28,29 (9815),30,31,,

FEBRUARY,2025
Mon,Tue,Wed,Thu,Fri,Sat,Sun
,,,,,1,2
3 (9029),4 (2214),5,6 (5748),7,8,9
10 (4278),11,12,13,14,15,16 (9597)
17 (8011),18 (9739),19,20,21 (4393),22 (0252),23 (8979)
24 (8369),25 (1349),26 (2922),27,28 (8505),,

MARCH,2025
Mon,Tue,Wed,Thu,Fri,Sat,Sun
,,,,,1,2 (6668)
3 (5052),4 (5534),5,6 (3172),7,"8 (1954, 6670)",9
10,11,12,13 (2454),14,"15 (8874, 9098)",16
17 (2471),18 (8369),19,20,21 (8798),22,23
24,25,26,27 (0766),28,29 (6599),30
31 (7896),,,,,,

APRIL,2025
Mon,Tue,Wed,Thu,Fri,Sat,Sun
,1,2,3 (8496),4,5,6
7,8 (3997),9 (3547),10,11 (0125),12,"13 (7225, 8564)"
14,15 (7451),16,17 (2357),18,19,20
21,22,23 (5861),24,25,26 (2799),"27 (6503, 9220)"
28,29,30,,,,

MAY,2025
Mon,Tue,Wed,Thu,Fri,Sat,Sun
,,,1,2 (6950),"3 (4960, 9173)",4
5 (6670),6 (2417),7,8 (9539),9,10,11
"12 (5449, 8426)",13 (3547),14,15,16,17,18
19,20,21,"22 (2799, 5855, 8037)",23,24,25
26,27,28,29 (5748),30,31,

JUNE,2025
Mon,Tue,Wed,Thu,Fri,Sat,Sun
,,,,,,"1 (1005, 1055, 9739)"
2,3,4,5,6 (7977),7,8
"9 (1005, 8979)",10 (6950),11,"12 (7296, 7323)",13 (0125),14 (2922),15
16 (5855),17,18,19 (8037),"20 (0192, 4278, 9310)",21,22 (1954)
23,24,25 (5534),26,27,28 (9098),29
30,,,,,,

JULY,2025
Mon,Tue,Wed,Thu,Fri,Sat,Sun
,1 (3070),2,3 (1345),4,5,6
7,8,9,10,"11 (1349, 8008)",12,"13 (8011, 8979)"
14 (8182),15 (2927),16 (4278),17 (2044),18,19 (9098),20 (6709)
21,22 (7615),23,24 (9355),"25 (6503, 6709)",26,"27 (5000, 9539)"
28,29,30,31,,,

AUGUST,2025
Mon,Tue,Wed,Thu,Fri,Sat,Sun
,,,,1 (1954),2,3
4,5,6 (9460),7,8 (5449),9,10 (2922)
11 (9687),12 (7977),13,14,15,16,17
18,19 (7909),20,21,22,23,24 (3698)
25,"26 (4278, 9220)",27,28,29 (6668),30,31

SEPTEMBER,2025
Mon,Tue,Wed,Thu,Fri,Sat,Sun
1,2,"3 (4306, 5534)",4,5,6,7
8,9 (5855),"10 (2214, 6709, 8496)",11,12,13 (7909),14
"15 (5000, 9355)",16,17,18,19 (6503),"20 (1349, 5861)",21 (6670)
22,23 (9220),"24 (7225, 9597)",25,26,27,28
29,30,,,,,

OCTOBER,2025
Mon,Tue,Wed,Thu,Fri,Sat,Sun
,,1,2,3,4,5
6,7,"8 (1349, 7369, 9539)",9,"10 (7977, 9310, 9595)",11,12 (0677)
13,14 (1345),15 (0677),16,17 (7272),18 (6709),19
20,21 (4080),22,23,24,25,"26 (0766, 1055, 2454, 4829)"
27,28,29 (8979),30,31,,

NOVEMBER,2025
Mon,Tue,Wed,Thu,Fri,Sat,Sun
,,,,,1,2
3,4,5 (3698),6,7,8 (1349),9
10,11 (6836),12 (9687),13,14 (9029),15,16
"17 (9687, 9815)",18,19,20 (5444),21,22,23
"24 (4080, 4960)",25,26,27,28,29 (8874),30 (9220)

DECEMBER,2025
Mon,Tue,Wed,Thu,Fri,Sat,Sun
1,2 (8426),"3 (3997, 9597)",4,5 (8037),6,"7 (0252, 5444)"
"8 (3306, 8798)",9,10,11,12 (2214),13,"14 (3356, 6709)"
15,16,17,18,"19 (0677, 2927)",20 (1345),"21 (6950, 8798)"
22,23,24 (9539),25,26,27,28
29,30,31,,,,

