date,new_numbers_count,new_numbers
11/07/2020,18,0320|0394|0453|0874|1386|2654|3710|3941|5648|6552|7009|7369|7736|7774|8929|9216|9240|9542
18/07/2020,18,1138|1520|2182|2774|3762|4722|4904|5189|5401|6338|6503|6756|7006|7115|7620|7714|8819|9253
25/07/2020,18,0182|0192|1131|1773|2529|2903|3363|3448|4504|5163|5425|5799|7414|8136|9201|9273|9316|9926
01/08/2020,18,0301|1027|1196|2185|2383|2515|3228|3464|4116|4592|5748|7204|7874|7949|8706|9172|9493|9599
03/08/2020,18,1176|1786|1881|2690|2783|2799|3535|4934|5011|5116|5483|6306|6337|6369|9581|9744|9876|9993
05/08/2020,18,0369|0548|0849|2471|2762|3283|3401|3444|3730|4052|4097|4161|5333|5453|6172|7296|8570|9687
07/08/2020,18,1124|1241|1432|2068|2327|3339|3530|3554|5297|5326|5980|6576|6740|6919|7345|8520|8700|8968
11/08/2020,18,0766|1354|1468|1813|2742|2838|3203|3255|3523|4267|4782|5545|7185|7297|7493|8278|8365|9044
13/08/2020,18,0299|0399|1144|1419|2899|3300|4251|4286|4354|6315|6318|6536|6942|7096|7183|7479|9522|9769
17/08/2020,18,0630|0675|1011|1336|2484|2587|2822|3826|5190|5298|5424|6752|7025|7131|7615|7849|8066|8882
19/08/2020,17,0757|1339|2097|2200|2387|3967|4035|4494|4549|5467|5887|6865|7049|7624|7945|9763|9770
21/08/2020,18,1016|2458|4106|4329|4385|5568|6467|6533|7120|7257|7440|8078|8163|8215|8584|9106|9199|9254
25/08/2020,18,0988|1274|2313|2357|4378|5194|5320|6135|6434|6498|6851|7320|7349|7390|7985|7991|8440|9349
27/08/2020,18,0004|0378|0593|1118|1651|1770|2085|2904|3481|4252|4285|4414|4757|5403|5762|6541|9198|9800
29/08/2020,18,1245|1649|1811|1847|1876|1948|3098|5202|5826|5913|6292|6599|7530|7536|8181|9626|9859|9975
02/09/2020,18,0079|0322|0467|0842|0844|1637|2222|2512|2831|5053|6057|6527|7395|7497|8301|8316|8800|8852
04/09/2020,17,1904|2142|2754|3256|3807|5307|5395|5458|6831|7140|7186|7366|7577|8653|8823|9441|9503
08/09/2020,17,0383|0513|1499|1869|3859|4564|4618|5166|5179|5446|5662|6009|6377|6606|9048|9544|9927
10/09/2020,18,0190|0749|1132|2186|2342|2927|3195|3309|3489|4063|4375|5018|5859|6563|7572|8114|8888|9815
12/09/2020,18,0237|0758|1108|1209|1426|1450|2118|3146|3214|5108|5206|5717|5882|6729|6748|7046|8591|9899
14/09/2020,16,0604|1277|1573|1879|2193|2493|2994|3780|3992|6798|7128|7195|7909|8369|8482|9390
16/09/2020,18,1425|1933|2815|2921|3784|3984|4738|6150|6358|6395|6522|7047|8186|8487|9000|9103|9839|9930
18/09/2020,17,0905|0970|1510|1599|2354|2716|3206|5237|5372|6018|6651|7134|7658|8288|8850|8870|8950
22/09/2020,18,0225|1052|1283|1324|2207|2293|3279|3453|5920|6357|7444|7696|8047|8564|8951|9031|9910|9979
24/09/2020,16,0218|0362|1232|1638|1967|2010|2922|3332|4169|4516|5433|5586|6890|7643|7692|9314
26/09/2020,17,0081|0338|1015|3023|3459|3525|3537|3885|5279|5495|5519|6040|6885|7569|7926|8827|8915
28/09/2020,18,0883|1097|1709|1841|1873|2271|2772|3698|5213|5436|5491|5716|6117|6864|7063|7449|8286|8912
30/09/2020,16,0040|0216|0596|0912|1115|2075|2306|2384|2872|4181|4701|5787|7171|7997|8064|9156
03/10/2020,18,0346|0352|0461|0577|0950|1894|2169|3445|3771|3850|3870|4476|5084|7240|7650|9206|9212|9804
05/10/2020,17,0021|0677|0869|1537|2279|2362|3622|4184|4450|5227|6286|7174|7177|8054|8323|8383|9565
07/10/2020,18,0663|1077|1403|2264|2848|2900|3157|4978|5035|5349|6830|7439|7500|7665|8304|8996|9327|9507
09/10/2020,17,2492|3126|3643|3671|4411|4676|4762|5397|6300|6631|7069|7080|7844|8576|8787|8935|9878
10/10/2020,17,0267|0903|1927|2824|3764|4639|4695|5504|6232|6310|6473|7515|7971|8069|8549|9679|9894
12/10/2020,16,0475|1002|1023|1111|3216|4270|4680|4930|6384|6668|7445|8007|9123|9269|9509|9913
14/10/2020,17,0114|2889|3577|4464|4691|4871|5161|5862|6028|7019|7889|8003|8422|8566|8727|8751|9373
16/10/2020,17,0020|0230|0606|2013|2079|2417|2870|3269|3272|6166|6663|6819|6964|7091|7153|7437|8518
19/10/2020,16,0580|0991|1750|1864|2035|2436|2531|3081|3702|4011|4292|6192|6481|9546|9853|9957
21/10/2020,18,0133|0618|0631|1696|4493|4723|5509|5626|5902|6262|6647|6751|6981|7267|8123|8171|8408|9655
23/10/2020,16,1646|2115|2721|2750|2849|3474|3634|5221|6237|6669|6675|8381|8940|9137|9278|9826
26/10/2020,16,0106|0921|3348|3562|3655|3996|4846|5168|6263|6381|6458|6584|7517|8387|8612|8831
28/10/2020,18,0250|0558|1464|2241|4865|5289|6827|7114|7136|7433|7870|7998|8190|8224|8505|8543|9504|9916
30/10/2020,17,0282|1316|2810|3385|3900|4946|4960|5370|5941|6420|6750|7110|7242|7337|7431|8182|9186
02/11/2020,18,0995|1098|1972|2423|2598|2666|3174|3595|4101|4437|5261|6297|6605|7344|8658|8903|9371|9995
04/11/2020,17,0666|1402|2660|3614|4462|4998|5139|5142|5228|5335|5591|5620|6526|6528|8523|9129|9157
06/11/2020,18,0533|1012|2673|2947|2974|3351|3470|3899|4357|4387|5212|5718|5856|7055|7857|7969|8036|8095
09/11/2020,16,2778|3607|4095|4439|4943|4953|6539|6542|6715|6802|6882|7004|7467|8755|8979|9183
11/11/2020,18,1564|1870|2330|2936|2937|2972|2995|3249|4374|5068|5567|6551|7182|7378|7838|8147|8729|8734
13/11/2020,16,1308|3620|4064|4784|5000|5760|6042|7072|7300|7834|8470|8573|8779|9057|9651|9779
16/11/2020,16,0164|0931|1029|1388|1466|1559|1686|2296|3306|4256|7902|8058|8490|9021|9226|9424
18/11/2020,16,0620|1121|1379|2074|2795|3192|3881|4177|4794|5736|6744|8195|8319|8976|9173|9409
20/11/2020,15,0211|1025|1774|1810|4089|6151|8121|8208|8269|8426|8551|9236|9257|9482|9992
23/11/2020,16,0131|0252|0495|0655|1268|1381|2590|2703|5273|5502|5820|5877|6736|7981|8435|8874
25/11/2020,15,0455|0654|2190|3086|3415|5313|5857|6385|6682|6765|8448|8756|9182|9753|9973
27/11/2020,16,1567|1763|2813|2845|3129|3652|3743|3754|4317|5381|5696|6562|6673|8524|9075|9718
30/11/2020,16,1224|2693|3207|3273|3465|4301|5528|5759|7729|7947|8172|8340|8631|8822|9072|9739
01/12/2020,14,0477|0670|1223|1424|1976|2125|4323|4422|5111|5366|6197|6858|8343|9098
02/12/2020,17,0611|1055|2151|2855|3149|3294|4235|4753|5442|5462|6957|7157|8455|9050|9443|9897|9922
04/12/2020,17,0240|0624|0761|0835|1035|1939|3093|3755|4951|6021|6836|7596|8166|8357|8443|8676|8895
05/12/2020,17,0331|0518|1954|2859|3586|4213|5376|5534|5754|6199|7039|7400|7529|7654|7907|7976|9185
07/12/2020,18,0025|0358|0872|1221|1673|3113|4212|4914|5101|5105|5655|6995|7370|7627|7730|7977|9005|9109
08/12/2020,15,2116|2758|3725|4068|4216|4793|4910|4983|6500|7089|7105|7251|7804|9067|9149
09/12/2020,14,0227|1114|1391|3057|3071|4203|4436|4467|5378|6087|6900|8728|9020|9310
11/12/2020,18,0443|0999|1345|1771|2150|2165|2892|2988|6164|7661|7893|8477|8863|9070|9418|9869|9879|9987
12/12/2020,17,1457|1524|1997|2073|2760|2933|4810|5426|5656|6863|7371|8691|8872|9492|9511|9583|9892
14/12/2020,14,0617|1447|1619|1935|2424|3659|3699|4336|4824|5310|6894|7430|8049|8554
15/12/2020,16,1923|2078|2370|2375|3356|4156|4320|7408|7616|8011|8404|9234|9422|9431|9523|9875
16/12/2020,15,0070|0444|1597|1706|4054|4929|5023|6016|6222|6546|6727|7555|8384|8943|9738
18/12/2020,15,0744|1033|1768|2835|3547|3970|4080|4941|5526|5593|6291|7666|8699|8749|9991
19/12/2020,17,0996|1066|1297|3625|3758|4523|4621|5133|5274|5497|6280|6512|7277|7521|8189|8753|8966
21/12/2020,16,0194|0343|0888|1767|1950|2748|4281|4463|4739|5359|6020|6475|7785|8537|8703|8721
22/12/2020,15,0308|2124|2602|2661|5090|5431|6904|7010|7323|7559|8415|8679|8829|9571|9694
23/12/2020,17,0567|1136|1861|1990|2565|2698|3295|3770|5813|8021|8310|8446|8665|8731|8750|8932|9966
25/12/2020,15,0286|0507|3011|3245|3371|4118|4827|6757|7020|7270|7626|7800|8419|8609|8864
26/12/2020,16,1353|1533|1624|2109|3749|3937|5203|5661|6901|8177|8484|8760|8785|8927|8960|9118
28/12/2020,16,0188|0229|1543|3120|3131|3513|5029|5734|5756|5968|6174|6184|8090|8390|8786|9887
29/12/2020,15,0978|1086|1107|3016|3479|4663|5683|6153|6168|6234|6966|7470|8811|9037|9170
30/12/2020,12,0431|0946|3232|3818|4804|5314|7399|7426|7821|8059|8366|9339
01/01/2021,16,0170|0442|0919|1000|2093|2957|4218|6083|6939|7040|7581|7699|8150|8391|9121|9619
02/01/2021,16,0207|0886|0899|1575|3205|3571|3932|4381|4965|4975|5121|5224|5399|5710|9714|9982
04/01/2021,16,0155|0904|1141|1267|1377|1448|2202|2763|4586|5081|5412|6133|6809|8603|8705|8732
05/01/2021,17,0623|1370|1620|2051|2235|2257|2610|2860|3683|3825|3923|5562|5690|6564|7503|9455|9851
06/01/2021,16,0454|1387|2006|2268|3328|3712|4198|4511|4772|5439|5623|5711|6185|9355|9616|9677
08/01/2021,14,0204|1746|2112|2469|4274|4654|4893|4898|4907|8322|9060|9595|9682|9757
09/01/2021,14,0796|1152|1550|2560|3190|4719|4895|5267|5675|6378|6400|8214|8696|9691
11/01/2021,15,1019|1373|1607|1895|2497|3313|3641|3799|3951|4697|5624|5922|7639|8835|9399
12/01/2021,16,0915|1857|2578|2618|2770|2967|3355|4706|5909|5961|6365|6986|8017|8162|9654|9733
13/01/2021,15,0626|1177|1446|1998|3529|3568|4271|4275|6202|8492|8813|8837|9391|9458|9699
15/01/2021,15,0054|0068|0395|0554|3265|3910|4306|4445|6671|6891|7220|8052|8321|9591|9767
16/01/2021,16,0058|0201|0410|0573|1239|2669|3050|5493|6859|7401|7767|7864|8013|8180|9810|9896
18/01/2021,17,0007|0245|0895|1079|1099|2128|2318|2798|3002|3839|4226|4743|4867|5587|7719|8076|9882
19/01/2021,15,0349|0830|0861|2488|2737|2896|4538|4693|5076|5344|6045|6295|7894|9219|9229
20/01/2021,15,0108|1153|1323|1525|2485|2913|3262|3915|4211|5379|7700|7807|8629|9087|9215
22/01/2021,14,0929|1420|1834|2226|2782|6183|6805|7302|7793|8138|8200|8565|9248|9356
23/01/2021,15,0001|0325|0345|1461|1615|1653|3413|3653|3797|3977|4885|5933|7766|9678|9792
25/01/2021,15,0458|1003|1355|2136|3274|3605|3952|4400|5321|5448|7597|8305|8513|8896|9139
27/01/2021,12,0416|1523|1542|1840|1977|2454|4134|6455|6787|7113|9256|9515
29/01/2021,15,1044|1266|2597|3075|3383|3965|4353|4520|4807|5629|6212|7045|8185|9255|9929
30/01/2021,12,0398|1800|2722|2939|4028|4502|5616|6556|6760|7982|9191|9369
01/02/2021,14,0293|1005|1043|1348|1497|1901|4598|5527|7896|8198|8540|9374|9848|9891
02/02/2021,14,0206|0276|1434|1720|3260|3299|4143|4151|4477|5707|6700|7048|7686|9293
03/02/2021,16,0097|0115|0787|2596|3468|3510|3766|4191|4459|4599|4841|5619|5906|5954|7507|8289
04/02/2021,13,0464|1166|1664|1824|4542|4665|4788|6253|6499|7387|7794|9180|9428
05/02/2021,13,0136|0259|1817|3009|3288|3290|3406|5262|6350|6355|7407|8250|9041
06/02/2021,16,0616|0963|1175|1347|1914|2000|2487|4395|4440|5652|6260|7103|8089|9533|9561|9645
08/02/2021,12,0487|1119|1860|2360|3099|5010|6569|7550|7817|7946|8464|9336
09/02/2021,16,0029|1265|2057|2442|2620|3237|4091|4195|4823|5044|5649|5751|6155|6431|7831|8027
10/02/2021,16,0116|0262|2275|3505|3559|4144|4448|4585|4724|6560|6617|6806|7367|7451|7455|8845
11/02/2021,13,0540|1530|1891|3215|3628|4318|5198|6586|8239|8712|9144|9158|9444
12/02/2021,16,1693|1757|2349|3493|3939|4217|5107|5715|7190|7592|7668|8184|8445|9151|9193|9608
13/02/2021,14,0028|0150|0924|1759|2084|3597|4173|6501|7285|7694|7850|7931|8735|8740
15/02/2021,15,0005|0407|1704|2396|3103|4008|4085|4410|4820|5510|6149|6302|8068|8112|8294
16/02/2021,13,1395|1462|1679|2065|2683|3733|4171|6368|6634|6920|8028|8348|9457
17/02/2021,14,0318|1028|1253|1570|2378|3307|5079|7580|7934|8051|8468|8615|8736|9142
18/02/2021,14,0361|0415|0605|2189|5471|5602|5663|7333|7392|8277|8846|9726|9856|9919
19/02/2021,14,0160|0371|0489|0974|3122|3132|4455|4875|5295|5960|6158|6248|6941|7450
20/02/2021,13,0633|1823|2044|2372|2514|2818|4593|7389|7954|8847|9127|9146|9275
22/02/2021,14,0098|0244|1334|1965|2219|2298|2878|3217|5417|8784|8892|9207|9732|9949
23/02/2021,15,0926|1452|2027|2247|2736|3428|4372|4884|5804|7551|7631|8423|8639|9514|9861
24/02/2021,16,0077|0100|0862|1222|2573|2942|3280|4658|4872|5835|5938|6969|7088|7279|8344|8424
25/02/2021,15,1083|2650|3664|3844|4083|4200|4741|5840|6097|6112|6406|6825|7379|8816|9324
26/02/2021,13,0146|1116|2069|2476|2951|3739|4966|6696|7783|8765|9370|9713|9786
27/02/2021,15,0062|0828|1951|1968|2507|3623|3966|4572|4877|5239|5603|6611|7051|7097|8971
01/03/2021,14,0851|1560|1830|2518|3124|4278|5006|5564|5951|6927|6934|8008|8952|9813
02/03/2021,15,0334|0409|2428|2805|3181|3666|3677|3854|5130|5373|7478|7839|8916|9612|9985
03/03/2021,14,0900|1263|1825|4337|4489|4690|4799|5339|5979|6936|7016|7573|7823|8469
04/03/2021,14,0236|0516|0799|2545|3044|3426|3508|4405|4882|5219|7815|8240|8908|9429
05/03/2021,15,0011|1172|2246|2902|3053|3123|4498|4596|4909|5247|5668|6485|6530|6766|8509
06/03/2021,15,0023|2007|2228|2276|4023|4603|5974|6828|7537|7588|8158|9079|9100|9527|9945
08/03/2021,13,0268|1040|1393|2180|2472|2887|3822|3864|4556|7178|7406|7940|8768
09/03/2021,14,0290|0525|0923|1481|1511|2098|2127|4825|5809|6076|6180|6439|6593|7936
10/03/2021,16,1900|2880|3342|3404|5541|6079|6336|7358|7519|7741|8015|8144|8233|8312|8559|9967
11/03/2021,15,0069|0071|0169|2612|3896|3956|4806|5613|5822|6254|6399|7135|8838|8992|9808
12/03/2021,10,0047|0948|1054|1060|1109|3184|4291|4716|4937|8497
13/03/2021,15,1579|1856|2557|3750|4102|4850|4860|5469|5618|5815|7090|7790|7861|7980|8758
15/03/2021,12,1822|2039|2244|2665|4031|4474|5272|5789|6173|8539|9217|9279
16/03/2021,16,0202|0247|1127|1186|1931|1956|3460|3796|3813|4546|4662|8795|8890|9231|9325|9685
17/03/2021,12,1008|1630|2361|3576|3945|4698|4844|6062|6799|6989|7752|9729
18/03/2021,15,0298|1903|3341|6910|7094|7121|7346|7795|8454|8652|8776|8809|9203|9264|9603
19/03/2021,12,3608|3786|3887|5207|5712|6453|8146|8417|9069|9125|9214|9740
20/03/2021,16,0730|1358|2751|3319|3709|4166|4290|5790|6111|6329|6826|7942|8905|9274|9332|9695
22/03/2021,12,0363|4529|4548|4747|4873|5036|5560|5767|6421|6709|6764|9258
23/03/2021,17,0372|0568|0680|1184|1576|1765|2713|3028|3366|3450|3670|4744|6918|7799|9010|9211|9437
24/03/2021,13,1106|3067|3581|3593|4175|5659|5694|6630|7704|7810|7989|8790|9825
25/03/2021,15,0397|0473|1149|1344|1610|3094|3993|4190|5062|5507|7458|9104|9208|9220|9375
26/03/2021,10,1708|2368|2418|2542|3000|5829|6085|8405|8649|9946
27/03/2021,14,0057|0510|1162|1206|1365|1953|3266|3439|4330|4985|5608|8692|9380|9439
29/03/2021,16,0368|0632|1416|1947|2238|2425|2862|5188|5276|5609|6461|6976|7474|9027|9505|9629
30/03/2021,11,0420|1369|1970|3920|4060|4366|4678|7245|7304|7487|7959
31/03/2021,15,0051|1842|2353|2364|3143|3164|3567|3831|3958|5421|6425|7217|8599|8871|9956
01/04/2021,13,0210|0563|2133|2495|3178|3429|3853|5434|5915|7499|9782|9857|9931
02/04/2021,11,0264|0374|0754|2274|2287|2761|4016|6013|7041|8254|8556
03/04/2021,14,1796|2110|2427|2676|4002|4050|4390|5167|6573|7071|7179|7801|8993|9028
05/04/2021,12,0465|1213|1735|1783|1832|2702|3997|5606|6410|6561|7334|9406
07/04/2021,15,0241|0292|0877|1780|4086|4398|4590|4749|5254|5635|5983|6457|7825|7972|8897
08/04/2021,15,0792|1691|2399|2628|3687|4566|7102|8077|8317|8418|8947|9136|9242|9292|9805
09/04/2021,15,0920|1682|2191|2463|3008|3572|4030|4147|4870|6996|8041|8526|9077|9110|9680
10/04/2021,16,0075|0814|1892|3041|4346|4426|4710|5796|6053|6169|6293|6535|6935|7816|9564|9648
12/04/2021,15,0496|1964|2216|2743|3378|3789|3924|4051|4715|6335|8010|8938|9176|9345|9750
13/04/2021,15,0610|1192|1401|3549|3734|4153|4874|6767|7087|7207|7353|7717|7897|8982|9473
14/04/2021,18,0215|0296|0763|2240|2437|2450|2640|2930|4339|4370|5253|5553|6324|6442|8558|9451|9535|9962
15/04/2021,12,0531|0685|2821|3600|3716|3774|4139|5056|5346|6081|6581|8237
16/04/2021,12,0084|1586|2928|3185|3264|3472|6241|7209|7840|8796|9249|9545
17/04/2021,15,0046|0718|2336|2456|2516|2589|3170|4740|4989|5134|5518|5832|6274|7396|8413
19/04/2021,12,0571|1546|1557|2595|2905|3632|5210|5607|5963|6958|7688|9452
20/04/2021,13,0584|1492|4365|4404|4488|4851|5145|5896|7613|8234|8619|9093|9693
21/04/2021,15,0019|0125|0952|1674|4650|5940|6570|7210|7347|8330|8626|8683|8812|9282|9841
22/04/2021,16,1048|1831|1890|2087|2092|2738|3835|5301|5405|6684|7590|7594|8517|8586|9320|9943
23/04/2021,8,0959|1516|2931|3261|3350|3960|8037|9122
24/04/2021,12,0637|1085|1197|1456|2162|3558|4607|6012|6638|8548|9238|9311
26/04/2021,15,0055|0239|1465|1845|1941|2621|3218|3305|3541|4163|4543|6952|8824|8901|9179
27/04/2021,9,1189|1332|6067|6545|6998|7196|8698|9337|9684
28/04/2021,15,0214|0729|1173|1467|2455|3165|3418|4708|4852|5226|5600|6243|6800|7003|8086
29/04/2021,13,0938|1721|3916|4183|5450|5777|6735|7623|7901|9004|9260|9557|9796
30/04/2021,11,0482|1063|1738|2021|4093|4540|7082|7423|8347|9227|9364
04/05/2021,14,0066|1427|1440|2969|3387|3715|3769|4259|4435|4619|7571|8203|8818|9460
05/05/2021,14,1026|1110|1306|1769|4479|4725|4971|5024|5865|6362|7282|7711|8149|8980
06/05/2021,13,0847|1343|3047|3343|3759|3821|3903|4131|5473|6022|7679|8079|8297
07/05/2021,15,0387|0979|1105|1932|2883|4521|5758|6072|6877|7853|7898|8295|9705|9844|9934
10/05/2021,14,0265|0404|1722|2160|3310|3420|4399|5689|5937|5978|6283|6714|9184|9964
11/05/2021,14,0393|0520|0853|0875|2197|4124|4236|4547|7469|8206|9034|9627|9737|9788
12/05/2021,11,0303|1683|3175|3253|3834|6171|7648|8562|8688|9354|9615
23/07/2021,12,0124|0551|0715|2943|5726|7562|7760|8063|8223|8606|9389|9746
27/07/2021,15,0646|1070|2555|2584|2720|3657|5461|6031|7485|7933|8211|8726|8904|8954|8963
30/07/2021,12,0195|1065|1076|1723|3823|5238|5854|6189|7305|8450|8475|8577
02/08/2021,15,0008|0746|1304|1665|2616|3511|3869|4115|4976|5525|5750|6347|6812|8389|9665
04/08/2021,13,0129|0539|0734|1498|1849|3037|5630|7221|7224|7914|8373|9442|9766
06/08/2021,8,0702|1752|3018|3603|8453|9308|9378|9784
09/08/2021,14,0528|3111|3303|3560|3805|5183|6026|6163|6838|7628|9113|9312|9846|9877
11/08/2021,13,0463|0491|2714|3409|4415|4938|5109|5529|7593|7869|8253|9002|9025
13/08/2021,14,2753|2792|2989|5729|6157|6389|6874|7272|8429|9290|9348|9490|9516|9983
16/08/2021,12,0056|0139|0759|2740|2830|3029|3180|3756|5888|6829|8488|9419
18/08/2021,13,1248|1442|1502|2001|2042|2858|3153|3524|3988|5803|7342|7683|9152
20/08/2021,12,1250|1747|2152|2431|2642|3315|3405|4223|5034|5654|8724|9502
25/08/2021,12,0273|1884|3487|3706|3781|4180|6086|6905|7024|8216|9082|9331
27/08/2021,16,0272|1700|2080|2149|2366|2408|4928|5176|5488|7633|7655|7856|8333|8622|9408|9529
30/08/2021,16,0937|2608|3102|3897|4595|5054|5995|6074|6102|6780|7262|7452|7461|8744|8843|9532
01/09/2021,14,2724|2834|3068|3335|4774|5092|5584|6179|6205|7216|7490|8044|8053|8645
02/09/2021,14,0145|0504|0764|1697|3763|4186|5637|6427|6695|6794|7227|8168|8355|9827
03/09/2021,14,0305|0984|1779|2575|3198|3583|4165|4758|4919|4949|5457|6322|7137|8914
04/09/2021,12,0462|1565|3365|3832|4092|5544|5604|7289|8221|8634|9394|9921
06/09/2021,13,0421|1501|1617|2483|5185|5691|6604|8125|8550|8643|8830|9091|9609
07/09/2021,12,1292|2559|2914|3477|3522|3904|4182|4371|4568|5904|8132|8702
08/09/2021,15,1518|4123|4393|4727|4734|5135|6000|6313|6585|6813|6978|6980|7812|9736|9963
09/09/2021,11,1794|2356|3141|3747|4409|4812|6296|7846|8957|9865|9880
10/09/2021,15,0733|0815|1279|1301|3107|3238|4005|4305|5325|5533|6301|7522|8156|8385|8766
11/09/2021,16,1390|1625|1635|1749|1758|1815|3069|4121|4253|5178|6982|7254|7422|7757|8004|8581
13/09/2021,12,0697|0901|1632|3700|3798|4021|6129|6574|6713|6745|6950|7646
14/09/2021,12,0524|0681|1862|2047|2430|2490|2990|3540|8046|8196|8670|8767
15/09/2021,15,0015|1648|3909|4066|4412|4785|4954|4973|5058|6804|6848|6893|6906|8590|9743
16/09/2021,11,2156|3333|3792|4537|4645|5072|5908|6036|6107|7258|9421
17/09/2021,17,0428|0471|1880|2946|2961|2987|3152|4082|4594|5901|6114|6785|7126|7381|7553|7879|8567
18/09/2021,10,0519|1508|2307|2744|4597|4689|4770|5794|6430|7544
20/09/2021,13,0288|0696|0932|2828|3718|4094|4187|4418|4955|6914|7146|7987|8851
21/09/2021,13,0821|0913|1009|1320|1571|2277|3104|3573|4199|4420|5666|6667|8959
22/09/2021,13,0087|0650|2121|3866|5022|5988|6379|6490|7060|7327|8124|8575|9524
23/09/2021,13,1378|2659|2837|4069|4630|5087|6201|6364|6472|8030|8311|8431|9453
24/09/2021,4,0777|2177|6314|6983
25/09/2021,15,0142|0625|2205|2925|2971|3432|3942|4061|4876|5150|5755|8635|8883|9656|9671
27/09/2021,13,0770|2188|2764|3883|3922|4013|4240|4367|4769|8192|8820|8948|9633
28/09/2021,11,0012|1777|1928|2422|2857|3972|4509|5791|7132|7475|7847
29/09/2021,11,0927|1349|1882|3381|4745|5918|6871|7541|8009|8315|8762
30/09/2021,13,1437|2421|3617|4154|4670|4964|5895|6323|7534|8659|9304|9450|9610
01/10/2021,15,0076|0176|0203|0317|0808|0994|2045|2300|2607|2984|3224|6664|6873|7975|9359
04/10/2021,10,0582|0768|0773|2689|3038|3436|4791|6793|7124|9775
05/10/2021,14,0000|1047|1916|2139|3109|3167|3685|3705|4974|5264|5350|6884|7819|8252
06/10/2021,11,1208|1500|2644|3963|4433|4990|5581|5727|5853|6432|6489
07/10/2021,13,0373|0522|1667|2340|2771|3446|4090|5374|7249|7775|7930|8220|9435
08/10/2021,12,0644|1600|2137|2229|3223|3690|4853|5069|5783|5921|8140|8654
09/10/2021,9,2634|4842|4859|4861|5700|6990|8371|8480|9434
11/10/2021,13,0639|1887|1959|2434|2489|2674|4224|4994|6693|7803|8432|8720|9181
12/10/2021,13,0638|1071|2390|3720|4257|6304|6372|6670|9061|9092|9741|9777|9881
13/10/2021,12,0350|0413|1639|3947|4403|4900|5098|5246|5375|6047|6741|9819
14/10/2021,14,1608|2242|2324|2426|3561|6247|7013|7188|7409|8248|8614|9517|9681|9925
15/10/2021,10,3243|3471|3845|4952|5670|5752|6479|8018|9043|9417
16/10/2021,8,0438|0922|6266|6975|7147|8107|8402|8856
18/10/2021,12,0494|1460|2311|3785|4324|4626|5241|5367|5555|5892|8798|8999
19/10/2021,8,0807|2548|2725|4604|7269|7310|7326|9300
20/10/2021,11,0434|1703|3220|3919|4029|4836|5996|6433|8430|9250|9395
21/10/2021,16,0786|0836|1668|1756|2077|2104|5175|5847|6328|6470|6694|7990|8934|8953|9673|9760
22/10/2021,11,0695|1569|4232|5250|5480|7243|7791|8557|8922|9762|9884
23/10/2021,13,1093|1095|2038|2752|3782|4819|5685|6003|6555|7394|7509|7591|8232
25/10/2021,11,1161|1986|4553|5492|5706|6110|6698|7523|7935|9117|9597
26/10/2021,11,0642|2106|4571|5486|5916|7321|7701|8127|9367|9397|9672
27/10/2021,12,1246|3233|3961|3974|4098|5383|5885|7681|8399|8866|9168|9747
28/10/2021,11,1309|1917|3397|5551|5849|7798|8494|8754|9413|9459|9832
29/10/2021,13,0526|1582|1755|1963|3959|4584|4912|5517|6094|6547|7984|8005|8388
30/10/2021,12,0085|0242|0964|2717|2807|2962|3672|4406|5441|5735|6175|9338
01/11/2021,12,1898|3650|4659|5014|5676|6341|6418|6436|6559|6637|7352|9974
02/11/2021,14,0096|0310|1207|1613|3194|5489|6543|7359|7923|7950|8091|9051|9189|9969
03/11/2021,11,0002|0279|1183|2457|4241|7086|7116|7514|8178|9054|9353
04/11/2021,12,0337|0446|0559|2814|5484|6277|7163|7233|7411|7732|8398|9589
05/11/2021,13,1231|2294|2532|3064|4829|5410|6781|7881|8038|8920|9038|9135|9997
06/11/2021,15,0112|0126|0312|0845|1275|1330|1707|1985|4228|4458|5181|6529|6792|7161|9464
08/11/2021,14,1059|2846|3015|3193|3394|3940|4269|5251|6672|7099|7695|7713|8678|9115
09/11/2021,16,0113|0174|1352|2613|2917|4141|5003|5361|6847|7280|7380|7432|7749|8256|8955|9107
10/11/2021,14,1394|2403|3250|3875|4202|4351|4394|4780|5180|5876|6951|7043|7495|9812
11/11/2021,7,1495|2986|3327|3484|4991|5171|9019
12/11/2021,11,2119|2869|3430|3713|5539|5827|7038|7486|7660|8412|8725
13/11/2021,9,2086|2649|4766|5797|5982|6049|7419|8025|9659
15/11/2021,9,1547|2759|3427|3783|4771|5570|7044|8436|9755
16/11/2021,11,1080|2081|3379|4742|5443|5575|5965|6099|6256|6650|8472
17/11/2021,14,0816|0857|2123|2181|2547|3054|3587|3695|4332|4681|5731|6659|7118|7330
18/11/2021,14,1018|2076|2204|4849|6327|6415|6494|6515|6754|7112|7172|7228|8759|9968
19/11/2021,13,3239|4210|4308|4460|5165|5368|5396|6575|7101|7231|7983|8101|8276
20/11/2021,11,0307|1662|3145|3267|3619|3882|4335|4805|7673|8360|8598
22/11/2021,6,2023|2388|3035|6298|7263|8407
23/11/2021,8,1251|4024|4149|5559|6288|6496|7139|7921
24/11/2021,11,0181|0981|1513|1818|3005|4939|5449|6134|6963|7565|9013
25/11/2021,10,0469|0765|2339|3225|3325|4104|5869|6339|6376|6702
26/11/2021,11,0425|3833|3964|4587|5160|5204|5537|6352|7763|9306|9835
27/11/2021,8,0335|0897|1473|2126|2243|3072|9164|9972
29/11/2021,15,0693|2350|2585|2999|3291|3454|3491|5867|5868|6514|7482|7919|8899|9047|9868
30/11/2021,13,3154|4303|4703|5113|5141|5946|6011|6038|6387|7512|7614|7706|9521
01/12/2021,8,0435|2911|4606|4822|5164|6492|7248|7540
02/12/2021,10,0720|2552|2773|3580|6101|7184|7558|7582|8235|8442
03/12/2021,10,0902|1064|1555|1699|2789|4567|4945|5415|6513|7543
04/12/2021,9,0014|2105|3490|3817|3888|4591|4790|8354|9900
06/12/2021,13,0440|1252|1521|1820|2066|3978|4258|4583|5085|5341|6955|7410|8087
07/12/2021,12,0456|1146|2670|2976|3114|3345|4506|4579|6032|7604|7705|8878
08/12/2021,10,2094|2956|3187|5020|5838|6534|6807|8265|8467|9171
09/12/2021,8,1341|1605|5363|6502|8409|8925|9525|9745
10/12/2021,12,0684|0894|1134|4185|4429|5506|5768|6096|8421|9288|9393|9446
11/12/2021,10,0167|1428|1827|2070|3112|3318|6229|6233|9366|9388
13/12/2021,14,1053|1793|2498|2873|4065|4541|5422|5474|8012|9205|9350|9667|9970|9988
14/12/2021,13,0389|0460|1716|2966|3158|4277|4376|5147|7670|8205|8909|9323|9783
15/12/2021,15,0608|1566|2089|3077|4189|5779|6196|6386|6497|6708|7892|8739|9009|9592|9617
16/12/2021,12,1045|1117|1540|2211|5115|5220|5380|5429|7638|7842|8263|9716
17/12/2021,10,0271|0406|2148|2567|2615|4830|5258|6945|7158|8444
18/12/2021,11,1286|1548|4388|4423|4669|5720|7290|7375|7836|8589|9065
20/12/2021,9,0385|0575|0956|1333|1629|5679|7788|8341|8926
21/12/2021,10,2667|2863|3473|4713|5697|6152|7018|9624|9780|9890
22/12/2021,14,0547|0667|1409|2346|3221|3926|4361|5948|6443|7716|7929|9128|9415|9980
23/12/2021,11,2623|3500|3639|4552|5742|7054|7472|7806|8985|9026|9658
24/12/2021,12,0690|2374|2723|2912|3423|3871|4327|6456|6776|9016|9190|9635
25/12/2021,12,1535|1979|3151|4193|5795|6332|6511|7483|7922|8511|8977|9449
27/12/2021,9,1398|2647|3615|4560|6743|7291|9078|9280|9365
28/12/2021,9,0890|2509|2726|4832|6259|6674|7360|7769|9097
29/12/2021,13,0881|2217|2556|3533|4735|4903|6225|6428|6984|7317|8438|8854|8997
30/12/2021,14,0223|0328|1413|1417|4536|5200|5240|5861|6367|7012|7566|7674|8247|8826
31/12/2021,9,0949|1469|2325|2381|2581|2739|5487|5990|9854
01/01/2022,9,0490|1225|3422|4569|5211|5778|7508|8212|9411
03/01/2022,10,1342|1872|4000|4752|6380|6940|8410|8747|8770|9462
04/01/2022,10,2701|3006|3434|3578|4364|5950|7107|7255|7915|8538
05/01/2022,11,1458|2406|2551|4113|5665|6959|7510|7612|8983|9398|9401
06/01/2022,11,0041|1726|4530|6759|6797|6903|7148|8660|8945|9143|9759
07/01/2022,11,0024|1741|3692|5045|5296|5406|7144|8249|8251|8555|9340
08/01/2022,9,0855|1363|2543|3388|3810|5365|7904|8427|9756
10/01/2022,14,0221|1838|3354|3843|4297|5059|6257|7420|7567|7951|8332|8521|8855|9540
11/01/2022,10,0231|0687|1807|2291|2681|7698|8155|9313|9563|9941
12/01/2022,8,0376|0871|2576|4470|4800|6840|7119|8420
13/01/2022,9,2636|2919|3127|5066|6186|6517|7059|8238|9920
14/01/2022,9,0607|2833|7181|7531|8512|9029|9692|9768|9933
15/01/2022,13,1211|2262|2985|4456|5384|6307|7498|7885|8131|8695|8886|8974|9251
17/01/2022,8,1515|4555|6250|7492|7618|8099|9036|9690
18/01/2022,14,0168|0534|2373|2809|3199|4533|6289|6888|7833|8345|8377|9307|9632|9867
19/01/2022,9,2619|2817|4401|6361|7630|8270|8714|8788|9845
20/01/2022,6,2251|3061|6411|7418|7680|9586
21/01/2022,8,0676|1439|1982|2541|5245|5294|8544|8865
22/01/2022,6,3884|5377|6557|8314|8331|8585
24/01/2022,10,0253|1836|2861|3326|3544|3998|4843|7199|7416|8937
25/01/2022,12,2591|3362|6193|6835|7871|8033|8510|8978|8987|9096|9552|9802
27/01/2022,9,2970|3976|4558|6854|6902|7436|8031|8478|8969
28/01/2022,7,1326|1532|2604|4987|5556|9017|9456
29/01/2022,9,0576|2520|2606|5269|7159|7301|7925|8674|8956
31/01/2022,11,0678|1578|1642|2823|4517|5669|5708|5851|6194|7374|8296
01/02/2022,12,1681|2377|2663|2768|3886|4407|4826|5973|6929|7244|7356|8860
02/02/2022,10,0315|0400|5309|7194|7417|8108|8600|9613|9727|9918
03/02/2022,10,1112|1809|3229|4248|6462|6881|7239|8648|8918|8962
04/02/2022,8,1606|4625|6678|7193|8019|8130|8264|8889
05/02/2022,9,1960|2402|2528|3323|3630|3735|4039|9276|9862
07/02/2022,10,0158|0794|1479|3334|4920|6043|6278|7241|8474|9022
08/02/2022,9,2697|3275|3287|5388|6629|7268|8202|8364|8508
09/02/2022,10,0714|1517|2991|6331|7456|7587|8891|8994|9631|9698
10/02/2022,7,2037|3679|5520|7556|8129|9196|9593
11/02/2022,9,0430|2391|3196|5232|6537|6641|7246|8057|8671
12/02/2022,9,0723|0940|0944|1552|1946|4995|6725|7273|8664
14/02/2022,10,0544|5233|5874|5912|5976|6621|6968|7809|9343|9781
15/02/2022,10,0998|1554|2281|2982|3033|4803|5558|6265|7164|7187
16/02/2022,7,0955|1616|1772|5408|7076|7081|9347
17/02/2022,12,1198|1294|2877|3673|3848|4622|4896|5193|6051|7303|9131|9270
18/02/2022,10,1855|1896|3872|5817|6077|6124|6619|6691|9297|9647
19/02/2022,6,0275|1185|1930|2474|5148|8602
21/02/2022,13,0426|1140|1405|2440|3476|5583|5884|6282|7029|7994|8006|9305|9590
22/02/2022,6,0173|1269|1483|5701|8743|9697
23/02/2022,7,0016|1195|1444|4145|5050|6014|6463
24/02/2022,8,0459|1039|2147|3816|3829|5052|8169|9099
25/02/2022,10,0099|0263|1835|2981|4733|6160|9056|9088|9798|9870
26/02/2022,11,3147|4750|5910|6633|6883|7138|7671|8056|8719|9410|9611
28/02/2022,7,2732|3254|5680|7312|8088|8862|9488
01/03/2022,14,0648|0661|0965|1728|2267|2906|3010|3302|4775|5260|5285|5753|6810|7167
02/03/2022,10,1534|1631|2100|2710|3675|4721|6374|6839|7756|9664
03/03/2022,10,0154|0414|0817|4352|4508|5444|8193|8611|9351|9500
04/03/2022,11,0324|2806|4178|6971|7152|7306|7928|8245|8594|8690|8875
05/03/2022,9,0918|1041|1463|4687|5451|7057|8230|8507|9791
07/03/2022,8,0750|0941|1551|2026|4432|4651|6640|8282
08/03/2022,5,0882|2733|3867|4478|6128
09/03/2022,8,1561|2224|4146|4993|7622|8020|8160|8533
10/03/2022,11,2214|2503|2643|2909|3073|4730|5229|6504|7466|8733|9960
11/03/2022,6,0166|1312|2071|4233|9175|9494
12/03/2022,6,1893|2140|2686|3542|5438|6524
14/03/2022,12,1046|3495|5356|5848|5875|6548|6653|6821|7229|7770|8071|8334
15/03/2022,7,0035|3901|5057|7288|8118|8143|9032
16/03/2022,11,1049|1988|1995|2316|3091|3134|3651|4767|7109|7223|8842
17/03/2022,10,0594|0712|2651|3110|5499|5821|8231|8307|8673|9585
18/03/2022,7,3555|5427|5465|7903|8944|9902|9984
19/03/2022,12,0600|0737|1380|3070|3311|4160|4201|5051|5118|6070|6414|9346
21/03/2022,9,0351|0914|1494|2016|2439|5478|8151|9265|9649
22/03/2022,11,0971|1676|1713|1742|3297|3512|4307|6360|7151|8439|8738
23/03/2022,13,0326|0660|2363|2530|3550|4288|5217|5252|5387|7170|8876|9014|9754
24/03/2022,12,0557|0859|1188|2563|4012|5494|5540|6846|6855|6992|8273|9700
25/03/2022,8,0353|1219|1257|1969|2535|6823|8560|8965
26/03/2022,9,0813|1762|1936|6054|6896|7250|7601|9396|9554
28/03/2022,3,0134|4020|8931
29/03/2022,9,0092|0323|1604|2479|3891|5263|6396|8092|8287
30/03/2022,9,1623|2473|3156|4159|4779|5454|5563|7295|8877
31/03/2022,12,0048|0297|0989|1220|1226|1255|1553|1705|4003|6176|6817|9644
01/04/2022,10,0135|0837|2255|2841|3722|4789|6366|7287|7859|8274
02/04/2022,9,0208|2564|3060|3552|3637|4074|6953|8465|8990
04/04/2022,7,0728|1281|1952|2178|2438|3007|7441
05/04/2022,8,1237|3516|4527|4611|6270|7413|8774|9386
06/04/2022,12,0485|0985|1006|1761|2289|2347|4524|4562|5565|6046|9126|9676
07/04/2022,9,0156|0562|0782|2031|2208|2827|3012|5542|8117
08/04/2022,9,0171|0636|1519|3589|4386|5549|6816|9068|9797
09/04/2022,6,3646|6403|7160|7625|7920|8972
11/04/2022,10,0578|1806|2158|2320|2451|2950|3329|4103|4534|5788
12/04/2022,10,3374|3496|4816|6052|6565|6822|6857|8153|9094|9562
13/04/2022,7,0592|1826|2061|5831|6482|9789|9821
14/04/2022,5,0739|1156|5576|6056|8701
15/04/2022,6,0280|0867|3364|6227|7948|8094
16/04/2022,9,0105|0427|0858|2400|3980|5573|6615|7383|8858
18/04/2022,10,2284|3480|4209|4294|5733|6354|7549|8034|8414|8501
19/04/2022,5,1293|1506|4087|9049|9598
20/04/2022,12,1574|2343|2540|3534|3609|3890|4575|6033|6405|8197|8325|8848
21/04/2022,9,0450|1814|3074|3694|3950|3971|5816|6506|6832
22/04/2022,7,0200|2527|3752|5636|6030|6926|8346
23/04/2022,11,0291|0665|1210|3036|3447|5369|5855|6231|6777|7256|8763
25/04/2022,8,0969|1531|2477|3211|3662|6889|7372|9625
26/04/2022,5,0212|0500|0711|4988|6721
27/04/2022,10,2159|2433|3775|5071|6059|6345|6988|7145|7653|8746
28/04/2022,10,1051|1594|1669|1999|2082|3042|4026|7106|7598|9379
29/04/2022,8,1169|1938|2348|2836|4070|4628|4858|6034
30/04/2022,11,1684|4033|5129|5490|6791|7264|7488|8447|9363|9670|9961
02/05/2022,7,3212|3442|3689|6141|7180|9536|9959
03/05/2022,8,1491|2146|2369|3222|7050|8134|8613|8849
04/05/2022,10,0198|0367|0840|1258|2389|3138|3501|5281|7261|9907
05/05/2022,11,0246|0390|1957|2588|2625|4167|5083|5971|7918|8713|9555
06/05/2022,10,0370|0645|1438|2103|3729|4574|6486|8266|8569|9052
07/05/2022,11,0447|0560|0710|0752|1942|3737|4081|5800|6788|7480|9689
09/05/2022,7,2379|3463|4358|7079|7814|8449|9639
10/05/2022,6,3557|4672|4731|5850|5926|9806
11/05/2022,8,0065|0726|1050|2227|6646|9133|9486|9707
12/05/2022,11,0050|0254|0776|1850|5382|5893|6048|6616|7155|7900|8527
13/05/2022,7,5986|6082|7084|7649|8741|9012|9734
14/05/2022,7,2053|3052|4834|5653|6477|8579|8961
16/05/2022,10,0958|1736|3596|3599|4714|5215|5687|6505|7967|8290
17/05/2022,11,0772|1123|2266|3017|4192|5208|6351|7778|7852|8328|9071
18/05/2022,8,0481|0628|3435|3804|4688|4845|7548|9883
19/05/2022,9,1091|2653|3133|4668|4828|5594|5999|6985|9735
20/05/2022,10,1596|3314|4325|4434|4923|5890|7026|7058|9089|9138
21/05/2022,9,0086|2499|4227|4392|4402|5043|7075|7762|9935
23/05/2022,10,2506|5651|5953|5969|6343|6609|6913|7332|8525|8821
24/05/2022,7,2164|3095|3944|3986|5151|6531|6724
25/05/2022,11,0043|0987|1583|3612|4833|7142|7435|7968|8267|8318|8769
26/05/2022,4,1644|3398|6408|7442
27/05/2022,6,0384|1828|3150|4763|6488|8137
28/05/2022,8,0359|1792|4196|4589|6493|9588|9771|9785
29/05/2022,7,0501|1256|5419|7513|7888|7978|9952
30/05/2022,9,0038|2867|4264|4309|4768|5182|5299|6723|9940
31/05/2022,9,0445|0651|0884|1234|3876|5315|5561|6987|9225
01/06/2022,11,1797|3128|3172|4322|4797|5414|5416|5773|6720|9165|9924
02/06/2022,8,1436|1482|2338|2415|2944|3627|4525|6325
03/06/2022,12,0061|0132|0850|2170|2519|3161|4126|4231|4933|5155|5684|6730
04/06/2022,11,1125|2099|3026|4996|6063|6612|6897|7728|7818|8919|9587
05/06/2022,14,0073|0804|0891|0908|2143|2996|3346|3938|5102|6147|7027|7546|8174|8350
06/06/2022,10,0122|3668|4718|5391|5447|6732|8050|8486|8491|9790
07/06/2022,10,0313|2544|3204|3943|4045|4053|5411|6261|7309|8428
08/06/2022,8,1737|4443|5357|5900|6625|7198|7644|8805
09/06/2022,7,0570|1634|2043|6136|7062|7539|8115
10/06/2022,5,5119|5582|6148|8043|8880
11/06/2022,11,0612|1652|2046|4220|4765|4897|4926|6267|6419|7284|7867
12/06/2022,11,0743|0810|1411|1918|2550|2934|4925|5641|6223|6655|9469
13/06/2022,9,0148|1073|3504|3806|5394|6098|7266|8836|9400
14/06/2022,8,0163|1303|3815|3889|4261|4359|6603|8040
15/06/2022,7,0671|0917|3296|3746|8561|9430|9765
16/06/2022,7,1484|2171|2586|5598|9062|9259|9602
17/06/2022,5,1278|1677|4924|7865|8958
18/06/2022,6,1194|1235|4338|5845|6273|6875
19/06/2022,11,0283|2979|3640|4055|6044|6508|7154|7832|8973|9512|9840
20/06/2022,7,0149|0185|1264|1314|1435|3809|4957
21/06/2022,8,1102|1300|5305|5398|6738|7525|8917|9976
22/06/2022,8,1805|2248|2303|2376|3189|3968|5364|6440
23/06/2022,7,0193|0975|3065|3494|6610|8061|8380
24/06/2022,9,1331|3466|5337|5673|5805|7382|7505|7586|8514
25/06/2022,10,0249|0701|0713|2481|3380|4444|5120|6662|8120|8425
26/06/2022,8,0474|1685|3949|4811|5184|5392|6770|9423
27/06/2022,4,0093|0153|1854|5571
28/06/2022,8,1782|2718|4360|4424|7053|7887|8894|9383
29/06/2022,6,0751|3999|6393|8048|8096|8219
30/06/2022,8,0330|2536|3877|4138|4362|5231|5235|7271
01/07/2022,8,1007|1430|3395|4172|4862|6235|7130|8188
02/07/2022,11,1920|5585|5693|6037|6468|6538|6626|8126|8227|9040|9232
03/07/2022,7,0392|0863|1356|1889|3241|4736|6737
04/07/2022,7,0827|1470|1718|3895|6113|7299|7533
05/07/2022,10,1090|2554|4076|4634|5336|6071|6811|8500|8995|9095
06/07/2022,10,0266|1129|1273|1801|2786|5914|6165|7283|7725|8225
07/07/2022,3,0779|2940|3574
08/07/2022,9,0552|2747|3252|3649|3723|5078|6665|8023|8535
09/07/2022,5,0581|1443|1844|5870|9668
10/07/2022,10,1087|2811|3043|3800|7162|7532|8207|8757|9548|9550
11/07/2022,8,1689|2131|2201|4237|4835|7878|8457|9073
12/07/2022,10,3566|3860|5596|6844|6923|7443|7690|7747|7963|9817
13/07/2022,9,0053|0656|0722|2539|3772|4280|7425|8014|8572
14/07/2022,10,0205|0304|1399|4539|5009|5949|7364|7453|8176|9296
15/07/2022,3,2715|5308|5360
16/07/2022,8,1908|2220|4170|5031|5146|5270|7527|9640
17/07/2022,7,1057|2153|3741|4932|7973|8363|9470
18/07/2022,7,0103|1190|1603|2924|4485|6774|9372
19/07/2022,8,1104|3808|4962|6346|7464|7501|8531|8879
20/07/2022,8,0072|0437|0748|1296|2416|3711|7702|7993
21/07/2022,9,1031|1113|1422|1643|1907|5070|6311|8257|8547
22/07/2022,11,0052|0344|0574|0795|1490|2918|4514|6454|6688|7489|8362
23/07/2022,8,0217|4486|4686|6652|6916|7218|7781|7908
24/07/2022,8,0629|2174|2945|3281|3546|6471|6683|8246
25/07/2022,6,0615|4528|5547|5741|9154|9852
26/07/2022,8,0784|2018|3105|3347|5725|5763|6078|9906
27/07/2022,7,1966|3917|5819|6446|7260|7634|9491
28/07/2022,9,0634|2344|4377|6220|6973|7886|8116|8473|8568
29/07/2022,8,0536|1981|2571|4969|5143|5807|7252|7635
30/07/2022,6,5732|6240|6491|6860|6862|8157
31/07/2022,13,0679|1148|2879|3563|3626|4673|5124|5699|6383|6624|7206|8817|9630
01/08/2022,10,0213|0457|0583|2505|4096|5836|6143|6525|6789|7568
02/08/2022,9,1068|1549|2561|2897|3457|4831|5196|6572|7362
03/08/2022,9,2624|3982|4112|4948|5291|7000|7463|7854|8644
04/08/2022,8,0789|2842|3760|4311|5505|6687|7961|9871
05/08/2022,12,0059|0822|0852|1712|2577|2749|3930|4902|7742|8161|9108|9889
06/08/2022,7,4340|4649|5625|6007|6017|6092|7494
07/08/2022,10,1092|3209|4512|5136|6118|6125|6932|7065|7123|9478
08/08/2022,9,1061|4726|4864|4981|6127|7319|7718|8460|9885
09/08/2022,8,0717|2024|2960|3014|3483|5046|7007|8152
10/08/2022,10,2212|2282|2668|3927|4321|4413|4431|6474|7368|8780
11/08/2022,5,4349|4623|6643|9281|9287
12/08/2022,7,2184|3148|4326|5967|6084|7031|8466
13/08/2022,7,1240|2102|2756|5860|7278|7895|9549
14/08/2022,8,0694|1315|1357|2864|3159|6771|7015|9448
16/08/2022,9,2004|2114|5578|5989|6422|6758|7236|8300|8814
17/08/2022,7,5300|6069|6733|7578|7891|8275|9908
18/08/2022,9,0187|0197|2107|3618|3918|6050|6219|9119|9192
19/08/2022,7,0833|5664|7682|7905|9223|9558|9898
20/08/2022,4,1242|3795|6782|7403
21/08/2022,10,0128|0306|2993|4609|4798|5063|6228|6413|6833|7986
22/08/2022,7,1178|1299|2060|2122|3368|4067|4573
23/08/2022,4,2117|4629|4980|8911
24/08/2022,8,0209|0818|2196|2646|3519|4368|5306|5353
25/08/2022,7,0521|1075|1659|2511|4207|5873|7462
26/08/2022,4,2968|3994|7715|9233
27/08/2022,4,4942|6558|6680|8601
28/08/2022,6,0893|0990|2629|2992|4105|6866
29/08/2022,6,0511|1191|3828|5452|8923|9623
30/08/2022,6,2333|3728|4997|5393|8165|9485
31/08/2022,8,0976|1271|1848|2072|2269|5580|6417|9942
01/09/2022,6,1628|2765|2843|5086|5972|8801
02/09/2022,3,0143|0819|2352
03/09/2022,9,1362|2397|3721|3921|3934|4197|5177|7761|9526
04/09/2022,7,0843|1366|4453|6130|7331|7454|7745
05/09/2022,5,5027|5477|6480|6553|7538
06/09/2022,7,2461|3424|4022|4206|5033|6627|7890
07/09/2022,8,1287|2633|3353|5984|6596|8001|8869|9153
09/09/2022,7,3714|3935|4495|5879|6775|9086|9495
10/09/2022,6,2954|5883|7405|9064|9662|9776
11/09/2022,8,0641|2297|4373|4480|4787|5192|8989|9932
12/09/2022,4,0811|3382|4582|7481
13/09/2022,9,2161|2938|4483|4501|5091|5927|7576|7585|8074
14/09/2022,7,0411|0692|0798|2592|5140|5935|6095
15/09/2022,8,1096|1788|2058|4389|5589|6349|6597|7822
16/09/2022,9,1217|1715|1739|1915|3633|5144|6162|6917|7311
17/09/2022,8,0621|2025|2630|4847|4891|6412|6763|8933
19/09/2022,6,0659|1171|1311|3680|6438|8128
20/09/2022,4,2014|2341|4048|9657
21/09/2022,12,0178|0553|2015|2367|3244|5998|6064|6731|8045|8109|9145|9715
22/09/2022,6,3636|5351|5667|5929|7906|9283
23/09/2022,9,0033|0417|2500|4017|4136|4959|7328|8657|9335
24/09/2022,5,1298|2008|2671|7225|8748
25/09/2022,9,0031|0953|1159|3787|5153|6210|6382|6887|7200
26/09/2022,7,0478|0825|2875|2953|5891|9547|9866
27/09/2022,3,1650|7427|9955
28/09/2022,8,0366|1471|1902|4950|6161|6991|7955|9147
29/09/2022,3,0157|6242|8338
30/09/2022,5,0006|0512|2003|2365|5997
01/10/2022,7,2172|2678|3791|4088|4276|7837|9342
03/10/2022,7,0078|3912|4205|4958|6478|7212|7927
04/10/2022,3,4273|5572|6644
05/10/2022,3,2030|6898|9271
06/10/2022,6,1776|2829|2923|4214|5898|9111
07/10/2022,8,1731|2317|5055|5880|6566|6861|8496|9584
08/10/2022,8,0199|2603|5466|5538|6121|6252|9480|9661
09/10/2022,9,0992|1174|2975|3419|3502|7001|7143|9155|9994
10/10/2022,9,1588|3119|3575|3665|4343|5322|5512|6679|8620
11/10/2022,6,0532|4046|4683|6015|7629|8764
12/10/2022,7,0060|0841|1711|4588|6239|7656|9302
13/10/2022,9,0472|1680|2611|3226|4219|5286|7619|9440|9543
14/10/2022,8,1944|2854|3879|4041|4230|5878|6211|8259
15/10/2022,7,5042|5162|5911|6632|6820|9187|9888
16/10/2022,7,0422|2521|4428|4795|7610|7866|9200
17/10/2022,6,0498|1984|3631|5016|5265|8618
18/10/2022,6,0234|0707|1205|2394|8098|8781
19/10/2022,7,1958|2062|2460|5154|5782|6445|6886
20/10/2022,5,2040|2983|3703|5371|8761
21/10/2022,5,3543|7108|7960|9246|9724
22/10/2022,7,0785|1453|4283|4503|5173|5843|7384
23/10/2022,7,3308|3349|3564|4500|4702|5924|8394
24/10/2022,9,1656|1661|1812|3251|3369|4015|4302|5806|7340
25/10/2022,7,1133|1212|2478|3456|4071|7868|9519
26/10/2022,5,0910|2745|3263|3880|9641
27/10/2022,7,2283|2522|2600|2794|3046|3611|7535
28/10/2022,11,0538|0887|2134|2719|3024|3030|3163|5082|5681|6207|9329
29/10/2022,4,3140|4057|7064|9243
30/10/2022,8,0423|1867|2728|2808|3830|4936|6907|6925
31/10/2022,6,0355|1609|7322|7808|7910|8663
01/11/2022,6,4449|6251|7966|8154|8302|9675
02/11/2022,8,0274|0783|5966|6115|7338|7574|7938|9484
03/11/2022,8,0172|2977|3905|3948|8062|9046|9600|9643
04/11/2022,10,2886|3166|3588|3990|4073|4617|4808|6177|8280|9539
05/11/2022,10,0140|0412|3013|3802|3840|4656|5515|6510|6762|7502
06/11/2022,10,0138|2627|2658|4632|4935|5552|6120|7238|8853|9801
07/11/2022,7,1143|3173|5672|7876|8170|8650|9773
08/11/2022,6,1584|3556|5723|7609|8571|8617
09/11/2022,6,1851|3878|4786|5678|6842|9322
10/11/2022,5,1392|2359|6824|7710|9436
11/11/2022,8,2790|3475|4229|5122|5423|5566|5597|8042
12/11/2022,3,0017|3536|3842
13/11/2022,9,0226|0505|0515|0709|1247|6299|6654|6726|9820
14/11/2022,7,1155|1922|2009|2175|2334|4254|4600
15/11/2022,4,3410|4129|6908|8627
16/11/2022,8,0030|1621|3451|6803|7036|7104|8461|8717
17/11/2022,5,1974|2095|2444|6093|8493
18/11/2022,3,0809|6340|8395
19/11/2022,3,7203|7659|8803
21/11/2022,7,1562|5793|6272|6317|6815|7125|8262
22/11/2022,5,4157|7376|7943|8342|9501
23/11/2022,8,0141|0753|1509|1949|2793|3411|4298|9303
24/11/2022,10,0111|0550|1069|2410|3801|3893|5548|5886|7924|8370
25/11/2022,8,2952|2963|3056|3498|5476|6930|7687|8580
26/11/2022,3,4044|4188|9751
27/11/2022,6,1179|3946|5632|6088|7307|7552
28/11/2022,7,0219|1787|2091|2380|4221|4612|8592
29/11/2022,5,3638|4814|4886|5013|6716
30/11/2022,10,2414|2452|3338|3686|5080|6704|7595|8382|9709|9849
01/12/2022,7,2705|2853|4027|4208|4809|8641|9530
02/12/2022,7,1137|2064|2233|2832|3514|5956|9948
03/12/2022,6,1640|4310|5067|5440|6870|7226
04/12/2022,5,2090|3357|4507|6568|7750
05/12/2022,4,0089|3517|3528|9483
06/12/2022,5,0248|4204|8358|8367|8841
07/12/2022,9,0627|1004|4006|6333|6416|7911|8285|9295|9405
08/12/2022,5,0846|3116|4384|9148|9474
09/12/2022,6,0597|0731|3836|4465|7117|8299
10/12/2022,5,4620|5019|6392|7771|9102
11/12/2022,3,0889|5030|8964
12/12/2022,6,1618|3247|5197|6281|9795|9809
13/12/2022,4,2292|4107|6719|9886
14/12/2022,9,1238|2709|4019|4655|4764|5275|7093|7315|8213
15/12/2022,9,0664|1545|2746|3438|5500|6255|6666|7988|9951
16/12/2022,5,2645|3286|4481|5627|6100
17/12/2022,9,0968|2355|2622|4492|4661|5032|5064|5780|6699
18/12/2022,7,0365|1167|1899|4266|7077|7776|9872
19/12/2022,5,3376|6002|6104|7386|8680
20/12/2022,5,0179|3837|6041|7872|8433
21/12/2022,11,0289|1313|1910|2254|3455|4289|4319|4496|5830|8179|8718
22/12/2022,4,0260|7524|9362|9499
23/12/2022,7,0860|3518|4677|4921|5354|7723|8498
24/12/2022,3,4341|9011|9572
25/12/2022,4,6768|7438|8662|9496
26/12/2022,2,2230|6450
27/12/2022,4,0662|0962|3155|4692
28/12/2022,7,1740|2757|3235|6178|6303|7293|9575
29/12/2022,6,2932|6639|7917|8039|8083|8806
30/12/2022,7,0238|0824|1790|5249|6138|6344|7827
31/12/2022,9,0018|2382|4931|7191|7651|7780|7828|8638|9425
01/01/2023,6,1868|1991|3393|4009|6275|9045
02/01/2023,5,1302|1556|1871|7014|8859
03/01/2023,5,2700|2776|3089|6587|8361
04/01/2023,7,0088|4174|4947|5944|6706|6778|9140
05/01/2023,6,1660|2572|4287|4471|5765|7740
06/01/2023,2,2885|3894
07/01/2023,6,0672|1429|3284|4135|4350|8828
08/01/2023,5,0144|0619|2270|3240|9291
09/01/2023,6,0107|3025|3794|5521|6116|7851
10/01/2023,3,2011|2176|5543
11/01/2023,9,0951|2067|2682|2955|5841|6159|9059|9479|9847
12/01/2023,3,4653|8452|9578
13/01/2023,3,1733|5721|6426
14/01/2023,6,0110|0911|1866|1886|2295|9035
15/01/2023,4,1874|3298|8075|9528
16/01/2023,2,3321|7875
17/01/2023,4,1799|3169|4728|4737
18/01/2023,7,3125|3658|4296|6305|6312|8773|9761
20/01/2023,6,0439|4917|5089|7067|8164|8656
21/01/2023,2,3849|9874
22/01/2023,6,1310|2319|5343|5705|9702|9824
23/01/2023,5,0587|1612|2253|5647|8936
24/01/2023,10,1503|2537|2819|4457|4916|5005|7579|8082|9084|9937
25/01/2023,7,0151|0658|3841|5317|6397|8359|9508
27/01/2023,5,0316|6142|8463|8857|9986
28/01/2023,3,1803|8113|8910
29/01/2023,5,0854|2915|5277|6195|8293
30/01/2023,7,1094|1233|1493|7979|9080|9634|9652
31/01/2023,7,0314|0703|3396|3954|4839|7782|8495
01/02/2023,7,0418|2308|6103|6154|8633|9160|9531
02/02/2023,5,1883|2272|3499|7677|8975
03/02/2023,10,0311|0653|1485|1819|1943|2731|5714|5931|6144|7722
04/02/2023,5,0529|2712|3660|6182|8209
05/02/2023,4,2231|5174|6010|9195
06/02/2023,4,0424|3176|7941|9277
07/02/2023,7,1626|2980|3606|3681|4316|8553|8655
08/02/2023,6,0791|2614|5531|7341|7611|8807
09/02/2023,4,0771|3358|9188|9742
10/02/2023,4,0535|3925|5012|7693
11/02/2023,4,2209|2662|3704|9909
12/02/2023,2,5511|9537
13/02/2023,4,5170|5645|6203|6853
14/02/2023,6,0161|1529|1745|4854|7397|8873
15/02/2023,9,2192|3051|3745|4148|4792|4961|7755|7824|9669
16/02/2023,6,1158|2034|2088|2432|5934|9105
17/02/2023,6,0683|1021|3778|3983|9262|9954
18/02/2023,6,5764|5903|6567|7175|8139|8939
19/02/2023,6,0123|0486|3433|3913|4239|4333
20/02/2023,5,0933|1160|1322|5894|9309
21/02/2023,6,0780|1695|2973|5284|5771|7465
22/02/2023,7,1351|3317|4755|6872|6921|8308|9477
23/02/2023,2,0721|1538
24/02/2023,2,4515|6943
25/02/2023,8,1449|1897|2326|2582|3814|3989|4049|9574
26/02/2023,6,1412|1476|6460|7518|8258|9711
27/02/2023,6,1325|3584|6398|7724|8320|9467
28/02/2023,3,2101|3139|8723
01/03/2023,6,2052|3991|6005|7276|7570|7708
02/03/2023,5,5347|5611|6717|7748|8687
03/03/2023,5,1978|2012|5330|7583|8145
04/03/2023,4,1181|4014|4636|7663
05/03/2023,6,1514|2524|3539|7457|8060|9466
06/03/2023,6,1505|2926|4079|4427|8689|9301
07/03/2023,4,1791|3258|4751|7764
08/03/2023,8,0686|4487|4559|4837|7377|7860|8515|9842
09/03/2023,5,3509|5348|5435|9725|9893
10/03/2023,7,0740|4078|4164|5038|5112|6206|8647
11/03/2023,4,5516|5962|6642|7037
12/03/2023,6,0755|4391|4518|5577|5823|7520
13/03/2023,6,3551|4249|5048|7189|8067|9914
14/03/2023,6,1487|3507|4234|5925|6580|7684
15/03/2023,8,1284|1338|2840|3136|3598|7074|8072|8111
16/03/2023,5,2687|5244|6912|7560|8666
17/03/2023,8,2675|3648|3717|3906|4817|5546|6287|9471
18/03/2023,3,5222|6837|8583
20/03/2023,2,1687|7028
21/03/2023,8,0885|1477|2232|3469|3531|4838|5039|9752
22/03/2023,6,0228|1474|2225|6484|8942|9981
23/03/2023,5,2120|2265|5970|8605|9901
24/03/2023,1,0502
25/03/2023,4,1032|1359|1415|2466
26/03/2023,7,0546|1751|7034|7404|9513|9663|9915
27/03/2023,6,0302|0572|3955|5595|5991|7141
28/03/2023,6,2328|2411|2882|3861|5280|6867
29/03/2023,8,1672|3486|3585|3708|5110|5209|5814|6965
30/03/2023,6,3532|5508|6444|7202|7496|9764
31/03/2023,4,1729|2568|8459|8815
01/04/2023,4,2111|3863|7642|9569
02/04/2023,5,4694|5004|9252|9712|9938
03/04/2023,1,8353
04/04/2023,4,1423|2510|3515|8868
05/04/2023,8,2865|3082|3352|4158|4881|4911|5728|5770
06/04/2023,9,1837|2036|2113|2504|2941|3985|5475|9385|9606
07/04/2023,5,2198|3230|5117|6424|8530
08/04/2023,4,1875|3933|6245|8861
09/04/2023,5,1157|3417|4813|5025|6656
10/04/2023,3,2583|3462|4601
11/04/2023,8,0865|1020|1126|1170|2639|3402|4818|5872
12/04/2023,8,2263|2301|2804|6993|7491|7703|8298|8607
13/04/2023,3,1244|4272|5743
14/04/2023,6,4356|4363|5268|7098|8709|9977
15/04/2023,3,2141|2468|7545
16/04/2023,5,0137|2203|2482|5015|9989
17/04/2023,6,1748|1781|2881|3182|5386|6429
18/04/2023,8,0452|2017|2475|4490|5385|5993|8226|9210
19/04/2023,8,2566|2850|3268|3962|5513|5785|7528|8588
20/04/2023,5,0354|4247|4397|4674|6635
21/04/2023,4,1934|2445|2680|9055
22/04/2023,4,0120|3183|5328|7542
23/04/2023,4,0348|6375|8386|9638
24/04/2023,4,1408|2657|3079|6466
25/04/2023,4,2412|3742|8175|9947
26/04/2023,4,3039|6334|6388|7672
27/04/2023,5,1368|1397|7068|7078|8349
28/04/2023,2,4869|9551
29/04/2023,7,1727|3219|5445|5536|6119|6459|7726
30/04/2023,4,2959|6246|8065|8403
02/05/2023,2,0027|2385
03/05/2023,6,0527|2851|4970|5026|9317|9794
04/05/2023,4,2727|3768|4857|5919
05/05/2023,5,0386|0966|1593|3292|3425
06/05/2023,5,0698|2335|5703|6027|6268
07/05/2023,5,0095|1410|2523|2704|6571
08/05/2023,3,3820|5404|9387
09/05/2023,7,0037|1014|3034|4554|6518|7354|8802
10/05/2023,3,1766|2694|5939
11/05/2023,3,1081|2601|5355
12/05/2023,6,2135|6423|6598|6938|7363|8260
13/05/2023,4,3045|7669|7962|9090
14/05/2023,3,2464|7421|8924
15/05/2023,6,1203|2022|2638|3678|7201|8967
16/05/2023,2,6316|7606
17/05/2023,4,3048|3616|5455|7944
18/05/2023,3,1103|8122|9357
19/05/2023,3,0530|3812|7339
20/05/2023,7,2239|2735|2788|7511|7873|9268|9828
21/05/2023,5,3624|3693|4222|6023|6224
22/05/2023,4,5749|6814|7675|9566
23/05/2023,6,1980|3726|4125|6437|7563|7641
25/05/2023,1,5977
26/05/2023,6,0673|1627|5126|5975|6869|7786
27/05/2023,3,5040|5601|7214
28/05/2023,2,6221|8026
29/05/2023,9,0839|1236|2494|3748|4646|5418|6356|7393|7958
30/05/2023,7,1101|1698|3803|4243|5186|9167|9245
31/05/2023,5,0034|6058|7678|8110|9818
01/06/2023,5,1911|4856|8458|8907|9247
02/06/2023,6,3373|5323|5352|5907|6628|9748
03/06/2023,5,2599|6801|6967|8228|8392
04/06/2023,7,2779|5479|6198|6290|7017|7336|8081
05/06/2023,6,0492|1925|3063|4419|8204|9177
06/06/2023,5,0704|2691|6520|7937|9163
07/06/2023,4,1441|3097|4918|6090
08/06/2023,7,0130|0873|1289|4042|5588|5686|8777
09/06/2023,3,0294|0591|3087
10/06/2023,3,5631|6167|9830
11/06/2023,3,1282|1888|2965
12/06/2023,3,0451|7011|7557
13/06/2023,11,0741|1414|1522|1622|2679|2684|2685|3421|3696|6657|7022
14/06/2023,4,0479|7033|8840|9553
15/06/2023,3,2852|6348|9042
16/06/2023,4,2315|4109|4425|8708
17/06/2023,6,0635|3724|4194|4491|9085|9621
18/06/2023,7,1592|1913|1921|4505|4802|5292|9326
19/06/2023,4,0340|1142|4968|7192
20/06/2023,2,1885|9030
21/06/2023,8,0379|3320|5592|6850|6868|7797|8236|8481
22/06/2023,4,3656|4705|7085|8506
23/06/2023,7,1614|1839|3096|5158|6933|7734|9414
24/06/2023,3,2409|9758|9905
25/06/2023,1,4888
26/06/2023,4,1591|2895|5428|6441
27/06/2023,7,1760|4417|4880|5099|6722|8055|8672
28/06/2023,5,0381|2755|3753|7070|9134
29/06/2023,7,0613|1227|3613|4036|5041|8339|8661
30/06/2023,2,1371|1717
01/07/2023,2,5362|6922
02/07/2023,1,2329
03/07/2023,6,2435|4001|5049|5599|8946|9860
04/07/2023,4,1259|4056|4666|9728
05/07/2023,3,0997|1971|9334
06/07/2023,6,0341|0391|1199|1993|2871|9358
07/07/2023,5,1478|2617|2655|7561|8771
08/07/2023,5,2812|5152|5290|8406|9392
09/07/2023,3,1243|3602|4707
10/07/2023,3,3846|6997|7709
11/07/2023,4,2656|5947|8024|8616
12/07/2023,3,0121|1180|6974
13/07/2023,4,0074|0147|4441|8884
14/07/2023,2,7477|9454
15/07/2023,2,5456|9710
16/07/2023,3,7259|8070|9674
17/07/2023,7,0013|1675|3407|6170|6363|7965|8704
18/07/2023,1,6592
19/07/2023,6,0790|2145|5671|7805|8352|8451
20/07/2023,5,1228|1249|1433|3092|9793
21/07/2023,4,3001|9487|9604|9903
22/07/2023,3,3503|5784|8281
23/07/2023,5,2767|4761|7232|8636|9601
24/07/2023,6,1654|4868|5169|6620|6645|9489
25/07/2023,4,0947|3340|7083|8716
27/07/2023,4,6784|6843|8194|8218
28/07/2023,4,1598|2256|3790|4616
29/07/2023,7,1084|1795|3908|5899|6649|6944|7855
30/07/2023,7,0177|1215|2138|2553|4108|4982|6878
31/07/2023,4,1276|2309|2580|6681
01/08/2023,7,0493|3304|4746|6008|7391|8685|9318
02/08/2023,4,1558|1725|3179|6949
03/08/2023,4,0222|3497|4712|6994
04/08/2023,7,1202|3788|4890|5530|6448|7820|8279
05/08/2023,4,4010|4100|6359|7129
06/08/2023,6,2280|2351|2594|4382|8434|9284
07/08/2023,4,1154|5772|8668|9822
08/08/2023,2,1385|4581
09/08/2023,4,2144|2729|5844|7589
10/08/2023,4,2130|4295|5318|7964
11/08/2023,6,0408|1201|4899|5131|6230|6852
12/08/2023,2,6532|8191
13/08/2023,8,0104|2302|4544|4781|4840|6091|8106|8623
14/08/2023,5,1291|2695|7150|8437|8900
16/08/2023,5,2569|3403|4638|7052|7697
17/08/2023,4,1472|5658|7294|7647
18/08/2023,4,4128|5127|7880|9299
19/08/2023,2,3851|4883
20/08/2023,4,0586|6330|8839|9850
21/08/2023,6,2132|2534|2929|6685|7073|7385
22/08/2023,5,0802|2446|3088|6191|8397
23/08/2023,7,5740|5866|6999|7447|7712|8187|9567
24/08/2023,3,0745|3032|7168
25/08/2023,4,3168|6217|9006|9402
26/08/2023,2,0162|3824
27/08/2023,3,2579|4246|5605
28/08/2023,7,0622|2797|3316|4577|6137|6661|7448
30/08/2023,4,3654|5897|9497|9816
31/08/2023,3,0183|7235|9911
01/09/2023,4,3452|6613|7398|8867
02/09/2023,1,0509
03/09/2023,4,0724|3506|5994|8313
04/09/2023,2,4608|5640
05/09/2023,5,0700|2707|6979|7735|9468
06/09/2023,4,3858|5028|8292|8563
07/09/2023,3,0774|2323|3431
08/09/2023,5,2420|3055|4889|9224|9352
09/09/2023,5,5283|6353|8379|9426|9637
10/09/2023,1,1384
11/09/2023,2,1361|6390
12/09/2023,1,4613
13/09/2023,3,1329|5225|7608
14/09/2023,5,0870|5413|6126|8374|9950
15/09/2023,5,0067|0082|1307|6238|7779
16/09/2023,6,0674|1973|5739|7350|8393|9978
17/09/2023,1,1147
18/09/2023,1,0277
19/09/2023,6,1364|2199|2825|3076|3579|9559
21/09/2023,2,3336|8887
22/09/2023,3,0102|2223|5590
23/09/2023,4,1937|3386|4760|5065
24/09/2023,2,2157|4454
25/09/2023,2,0579|4696
26/09/2023,7,0388|1754|4225|4855|5303|5503|6582
27/09/2023,6,0063|1940|5496|6006|8283|9928
28/09/2023,4,0973|3957|5095|8669
29/09/2023,3,0329|3751|7095
30/09/2023,2,5622|7689
01/10/2023,3,0832|8489|9582
03/10/2023,2,1130|8682
04/10/2023,2,2898|4878
05/10/2023,3,3231|3548|7600
06/10/2023,5,2775|4110|4561|7691|7999
07/10/2023,3,3412|7863|9132
09/10/2023,3,1100|5008|8479
10/10/2023,4,3569|4018|7373|8542
11/10/2023,1,5646
12/10/2023,1,0375
13/10/2023,5,0287|0517|2480|5737|9560
14/10/2023,3,2459|7208|9381
15/10/2023,5,1034|2331|5846|6746|7318
16/10/2023,1,5311
17/10/2023,3,3931|7355|7575
18/10/2023,2,1692|5942
19/10/2023,3,3277|6703|9407
20/10/2023,3,3392|5730|5858
22/10/2023,1,0118
23/10/2023,2,0380|4984
24/10/2023,3,5981|6449|7165
25/10/2023,7,1164|2258|3186|3377|6236|7826|8372
26/10/2023,1,4142
27/10/2023,5,1804|3811|6024|6595|8902
28/10/2023,1,5523
29/10/2023,2,3391|6509
30/10/2023,4,2470|6215|6697|8032
31/10/2023,5,0045|1785|3137|4759|7169
01/11/2023,5,2108|2856|5114|6692|9120
02/11/2023,4,3118|5007|5037|7685
03/11/2023,5,0278|1734|4699|5863|9472
04/11/2023,5,3278|4887|5905|6676|9112
05/11/2023,6,0503|3661|5389|5524|6039|8707
06/11/2023,5,0258|1382|1526|2920|6879
07/11/2023,3,2314|3101|9241
08/11/2023,4,0972|3020|4120|4452
09/11/2023,2,0935|5482
10/11/2023,3,4047|6739|9573
11/11/2023,4,2236|6035|7176|8201
12/11/2023,3,0939|3892|7415
13/11/2023,2,2305|8416
14/11/2023,4,0565|8022|8456|9650
15/11/2023,6,2168|2259|5316|5713|6146|6258
16/11/2023,6,0778|5569|5781|6608|7912|8528
17/11/2023,3,1563|5745|6588
18/11/2023,1,9719
19/11/2023,4,0928|6710|9315|9445
20/11/2023,5,1690|3697|5242|7459|8677
21/11/2023,2,4380|9723
23/11/2023,3,0022|4037|4140
24/11/2023,3,1784|7727|8255
25/11/2023,3,2546|5579|9475
26/11/2023,1,8400
27/11/2023,5,2692|3236|5430|5802|8930
28/11/2023,1,4461
29/11/2023,2,5928|7468
30/11/2023,4,0364|1017|3461|7298
01/12/2023,5,0010|1829|4469|4777|7211
02/12/2023,2,4999|9039
03/12/2023,3,0682|6139|7835
04/12/2023,1,0470
05/12/2023,3,1601|3242|8545
06/12/2023,1,5889
07/12/2023,4,0879|1037|4117|9717
08/12/2023,1,5271
09/12/2023,3,2769|3078|6577
10/12/2023,3,2419|4242|8029
11/12/2023,2,1663|3902
12/12/2023,1,2637
13/12/2023,9,0332|0585|1150|2288|2801|3663|7939|8793|9803
14/12/2023,2,4664|9618
15/12/2023,1,4986
16/12/2023,3,0285|6783|8519
17/12/2023,3,0993|3019|8804
19/12/2023,1,5792
20/12/2023,1,0767
21/12/2023,3,1666|2194|2766
22/12/2023,3,2299|4550|9731
23/12/2023,5,0838|2635|3121|4430|6909
24/12/2023,2,3234|9873
25/12/2023,1,8610
26/12/2023,4,1645|3865|8368|8441
27/12/2023,5,0109|5702|6892|7676|9033
28/12/2023,3,0327|1724|1906
29/12/2023,5,0339|1454|3936|6899|7471
30/12/2023,1,4532
31/12/2023,4,0233|2413|6601|8516
01/01/2024,3,5216|6068|9772
02/01/2024,3,1042|9298|9996
03/01/2024,1,7313
04/01/2024,2,2549|6711
05/01/2024,3,0497|1218|5801
07/01/2024,3,0090|5259|6728
08/01/2024,2,0747|4908
09/01/2024,3,0549|3201|4535
10/01/2024,2,7351|8981
11/01/2024,4,1319|3847|4072|8711
12/01/2024,3,2631|6689|9829
13/01/2024,5,0590|2501|6308|6452|7992
14/01/2024,6,1587|2250|2407|4255|5256|7777
15/01/2024,3,0175|0508|1589
16/01/2024,3,0256|1730|9116
17/01/2024,5,2371|2781|5481|7664|8593
18/01/2024,3,0916|3856|5327
19/01/2024,5,4557|5293|5464|7032|8745
20/01/2024,4,0982|4438|7731|8630
21/01/2024,1,9344
22/01/2024,4,0876|2221|2803|3719
23/01/2024,5,1572|2213|3361|3914|5340
25/01/2024,3,0356|5634|9833
27/01/2024,3,1641|5917|9209
28/01/2024,2,5617|5698
29/01/2024,5,1489|2033|2593|5332|9202
30/01/2024,3,1010|3004|5964
01/02/2024,2,3227|7484
02/02/2024,5,1527|5638|5987|6106|9447
03/02/2024,1,7092
04/02/2024,2,3777|9235
05/02/2024,1,6244
06/02/2024,4,0261|0555|1580|3857
07/02/2024,2,0708|1214
08/02/2024,1,6407
09/02/2024,2,3337|8303
10/02/2024,4,0269|1187|7042|8502
11/02/2024,1,8000
12/02/2024,5,0403|3090|3527|4967|5234
13/02/2024,2,3979|6208
14/02/2024,1,9607
15/02/2024,1,6404
16/02/2024,2,7883|9376
17/02/2024,2,1406|7753
18/02/2024,3,1280|6409|8167
20/02/2024,4,0480|2891|6686|8471
21/02/2024,7,0270|4293|6065|6895|6972|7237|9272
22/02/2024,2,4732|7995
23/02/2024,2,4344|7215
24/02/2024,2,0806|4563
25/02/2024,6,0091|1367|2322|6447|7308|9237
26/02/2024,1,7843
27/02/2024,3,5157|8921|9506
28/02/2024,4,3635|3776|4383|8378
29/02/2024,5,5839|6264|7424|9150|9814
01/03/2024,5,0614|2020|2395|3478|9683
02/03/2024,1,2558
03/03/2024,3,0649|0907|8667
04/03/2024,6,1455|1528|2787|2958|5460|8309
06/03/2024,4,0609|1328|4155|9837
07/03/2024,1,7707
08/03/2024,1,2393
09/03/2024,2,4133|5812
10/03/2024,1,6712
12/03/2024,1,6469
13/03/2024,3,7996|9001|9534
15/03/2024,4,0669|2129|3289|9730
16/03/2024,5,0436|1451|4245|5329|9221
17/03/2024,2,4119|5342
18/03/2024,3,1182|3416|8085
19/03/2024,2,3248|5614
20/03/2024,2,5923|8102
21/03/2024,2,0419|3907
22/03/2024,4,2496|4475|7564|7956
24/03/2024,1,3610
25/03/2024,1,2401
26/03/2024,4,1260|2278|2574|8608
28/03/2024,2,0537|3744
29/03/2024,2,8742|9239
30/03/2024,7,1445|1670|3324|3591|4922|5074|9541
31/03/2024,4,4956|6544|7913|9696
01/04/2024,1,6856
03/04/2024,3,1568|2029|7292
04/04/2024,2,5837|8356
05/04/2024,2,3642|4032
06/04/2024,3,4704|8210|8694
07/04/2024,3,5402|6391|7343
08/04/2024,6,0856|1671|2002|6060|7845|8730
09/04/2024,6,0542|1962|3629|6960|8483|8737
10/04/2024,4,3208|8073|8401|8574
11/04/2024,3,3862|4906|6402
12/04/2024,3,3553|6105|8529
14/04/2024,1,3731
15/04/2024,2,8327|8376
16/04/2024,1,7388
17/04/2024,3,0775|4007|7219
18/04/2024,1,4637
19/04/2024,3,2304|3443|3488
20/04/2024,3,2888|5266|7329
21/04/2024,2,0602|1317
22/04/2024,2,2210|5001
23/04/2024,3,6216|6249|7314
25/04/2024,3,4940|5236|9412
26/04/2024,1,3117
27/04/2024,2,5223|8222
28/04/2024,1,2154
29/04/2024,3,2605|8833|8906
30/04/2024,3,1262|2063|4499
02/05/2024,4,2050|4519|5230|9404
03/05/2024,3,0716|1486|3691
04/05/2024,1,9194
05/05/2024,2,0691|4215
06/05/2024,1,0083
07/05/2024,3,1753|5459|5774
08/05/2024,2,4773|7657
09/05/2024,4,0357|1595|1858|7970
10/05/2024,1,5871
11/05/2024,1,8142
12/05/2024,1,8002
13/05/2024,3,6269|6554|8534
14/05/2024,1,7751
15/05/2024,2,6876|9787
16/05/2024,2,5470|7848
17/05/2024,3,1321|3408|7127
18/05/2024,2,5075|6622
19/05/2024,2,3108|5331
20/05/2024,2,1024|4442
22/05/2024,3,1961|8578|8791
23/05/2024,2,0961|2648
24/05/2024,1,1305
25/05/2024,4,1168|4300|5811|6578
26/05/2024,2,1013|6190
27/05/2024,3,0699|4122|4304
30/05/2024,2,6607|8504
31/05/2024,2,3414|6001
01/06/2024,4,0805|2916|7133|9749
02/06/2024,2,5639|7061
03/06/2024,1,0812
04/06/2024,4,0735|3062|6061|9923
05/06/2024,4,4551|6701|7636|9066
06/06/2024,4,1078|3604|4260|8199
07/06/2024,1,1821
08/06/2024,3,3767|4279|9289
09/06/2024,2,0643|9074
10/06/2024,3,3440|5468|6962
12/06/2024,3,5881|7721|8941
13/06/2024,2,0803|7335
14/06/2024,2,3049|7772
15/06/2024,2,0892|9166
16/06/2024,4,2708|5766|5932|8375
17/06/2024,1,9836
18/06/2024,2,4815|8675
19/06/2024,1,3929
21/06/2024,4,2237|2696|3389|6321
22/06/2024,1,0727
23/06/2024,3,3059|6122|7504
24/06/2024,2,1396|4615
26/06/2024,1,5324
27/06/2024,1,8632
28/06/2024,3,6705|8621|9213
29/06/2024,1,4866
01/07/2024,3,0257|4631|9686
02/07/2024,2,1544|1714
03/07/2024,3,1036|7166|7632
04/07/2024,1,8183
05/07/2024,3,0689|6658|9701
06/07/2024,4,0954|2513|4075|7882
07/07/2024,2,0300|9778
08/07/2024,2,5094|8284
09/07/2024,1,0945
10/07/2024,3,2260|5287|7739
11/07/2024,3,0224|4700|6320
12/07/2024,1,9321
13/07/2024,2,4627|8642
14/07/2024,2,1539|7884
15/07/2024,2,4152|5125
16/07/2024,1,6841
17/07/2024,4,3874|4580|5088|7746
18/07/2024,3,2028|5002|6487
20/07/2024,5,2261|3740|4379|4408|7952
22/07/2024,3,5522|6145|8337
23/07/2024,5,4040|5255|5945|6749|9917
24/07/2024,4,0706|2449|7811|8825
25/07/2024,1,7796
26/07/2024,3,3898|4313|5621
27/07/2024,1,1327
28/07/2024,1,8241
29/07/2024,3,0347|0820|9081
30/07/2024,1,6108
01/08/2024,1,3601
02/08/2024,2,5358|9377
03/08/2024,1,7002
04/08/2024,2,1912|6834
05/08/2024,3,3370|4652|7862
06/08/2024,1,2826
07/08/2024,3,0834|6209|6954
09/08/2024,3,1272|7554|8686
10/08/2024,4,3973|4963|5550|6435
11/08/2024,2,3276|8243
12/08/2024,4,1374|2491|6773|7953
13/08/2024,6,0960|5409|5420|7023|8693|9580
14/08/2024,1,1590
16/08/2024,2,6451|9218
18/08/2024,3,3322|6747|9266
19/08/2024,1,0936
21/08/2024,1,9636
22/08/2024,5,1636|2893|3793|6818|9333
23/08/2024,2,6476|7526
24/08/2024,3,0556|5930|9023
25/08/2024,1,6753
26/08/2024,3,4043|7640|9570
27/08/2024,4,3873|4342|7637|8244
28/08/2024,1,4992
29/08/2024,2,2876|7446
30/08/2024,1,7247
01/09/2024,2,0742|0831
02/09/2024,2,1541|9330
03/09/2024,3,0466|4484|5943
04/09/2024,2,3911|6845
05/09/2024,1,0042
06/09/2024,3,1318|4522|8105
08/09/2024,1,9024
09/09/2024,1,1507
10/09/2024,1,9053
11/09/2024,3,0251|4709|9703
12/09/2024,1,5744
14/09/2024,2,4099|9831
16/09/2024,3,0009|2245|8898
17/09/2024,2,2049|8329
18/09/2024,2,0295|5776
19/09/2024,3,0942|3592|4345
20/09/2024,4,1229|1808|3083|9432
21/09/2024,2,3142|7274
22/09/2024,1,2467
23/09/2024,2,4671|8093
24/09/2024,1,3852
25/09/2024,2,5338|5514
26/09/2024,2,2562|3644
28/09/2024,4,3202|4482|4913|7100
29/09/2024,3,1710|2609|9999
30/09/2024,3,0601|7829|9895
01/10/2024,1,2337
03/10/2024,5,0499|1290|4038|4894|6540
05/10/2024,1,2019
06/10/2024,3,2386|3135|6956
07/10/2024,2,1989|2167
08/10/2024,2,1633|7899
10/10/2024,1,3197
11/10/2024,3,2054|3330|4848
12/10/2024,2,2526|5818
13/10/2024,2,0864|9403
14/10/2024,4,0049|1376|7234|7412
15/10/2024,2,1798|8587
16/10/2024,1,3676
17/10/2024,3,0433|3669|6924
18/10/2024,1,0589
19/10/2024,1,4312
21/10/2024,1,9863
22/10/2024,1,6075
23/10/2024,2,4717|9361
24/10/2024,1,8217
25/10/2024,3,3761|6326|7605
26/10/2024,2,0647|2059
27/10/2024,1,0284
28/10/2024,1,5688
29/10/2024,1,7428
30/10/2024,2,2083|8783
01/11/2024,3,1360|2677|7773
02/11/2024,4,3449|3621|6025|7667
03/11/2024,3,0448|4472|6636
04/11/2024,3,1128|1694|3594
05/11/2024,2,0235|6204
06/11/2024,2,2056|8133
07/11/2024,2,4468|6660
08/11/2024,2,3210|7506
09/11/2024,2,3732|8697
12/11/2024,2,3773|8640
13/11/2024,1,9130
14/11/2024,2,5312|9169
15/11/2024,3,5132|7205|9328
17/11/2024,2,5248|7156
18/11/2024,2,3467|8928
19/11/2024,4,0026|1504|2816|5201
21/11/2024,1,5959
22/11/2024,1,1585
23/11/2024,2,3360|7281
24/11/2024,2,2249|9538
26/11/2024,2,2997|7841
27/11/2024,4,0523|1383|2234|4624
28/11/2024,3,1577|7758|8035
29/11/2024,1,9197
30/11/2024,1,4570
01/12/2024,1,9416
02/12/2024,1,7402
03/12/2024,1,0925
05/12/2024,3,0909|1082|9855
07/12/2024,3,0906|1407|6718
08/12/2024,1,2998
09/12/2024,3,3259|4972|6623
11/12/2024,2,1062|9614
12/12/2024,1,1346
13/12/2024,2,2641|7429
14/12/2024,1,2462
18/12/2024,1,9605
20/12/2024,1,0484
21/12/2024,2,2404|9114
23/12/2024,2,2868|7056
24/12/2024,2,5302|9063
25/12/2024,2,0336|5842
27/12/2024,4,2195|4062|4605|4778
28/12/2024,3,2688|4331|5952
30/12/2024,1,9263
31/12/2024,3,1846|4168|9427
01/01/2025,1,7035
03/01/2025,2,4162|8684
04/01/2025,1,1719
05/01/2025,1,9666
06/01/2025,1,0243
07/01/2025,2,0826|3570
08/01/2025,2,6213|7460
09/01/2025,2,4130|6284
12/01/2025,2,3171|9722
13/01/2025,3,2096|5104|5757
15/01/2025,1,4513
16/01/2025,1,6055
17/01/2025,1,8268
18/01/2025,2,0564|3400
19/01/2025,2,6734|7759
20/01/2025,2,0039|1350
22/01/2025,2,1778|6786
23/01/2025,2,3031|6946
25/01/2025,1,0756
27/01/2025,2,3375|9579
29/01/2025,2,3727|9267
30/01/2025,2,7932|9360
31/01/2025,3,0957|3855|6319
01/02/2025,2,2358|9594
02/02/2025,1,4034
03/02/2025,1,6961
04/02/2025,2,3301|5834
06/02/2025,1,1375
07/02/2025,2,5100|8782
08/02/2025,2,0232|4901
09/02/2025,2,0566|6495
10/02/2025,3,3482|7737|8752
12/02/2025,3,0184|0396|3981
14/02/2025,1,4347
15/02/2025,2,0668|2632
16/02/2025,4,0543|3344|8084|8991
18/02/2025,3,2041|7348|8913
19/02/2025,4,0036|1200|4776|6200
20/02/2025,2,5128|9003
22/02/2025,1,0441
23/02/2025,1,1512
25/02/2025,1,1230
26/02/2025,6,0255|0569|4641|6769|7858|9141
28/02/2025,3,2525|3521|4754
01/03/2025,3,1658|3130|4684
02/03/2025,2,1261|3058
04/03/2025,2,4821|9204
05/03/2025,1,1802
06/03/2025,3,7253|8998|9018
07/03/2025,2,0829|3757
09/03/2025,1,6019
10/03/2025,1,6131
12/03/2025,3,2447|3682|9646
14/03/2025,1,9161
15/03/2025,2,4510|9476
16/03/2025,3,0769|1372|8119
18/03/2025,2,8291|9294
19/03/2025,3,4416|8141|8984
20/03/2025,1,9653
22/03/2025,1,8411
24/03/2025,2,0281|6521
25/03/2025,2,0738|1421
26/03/2025,4,0401|2290|3359|3688
27/03/2025,1,9721
28/03/2025,1,5472
29/03/2025,1,1496
30/03/2025,3,2310|6970|7621
31/03/2025,1,3819
01/04/2025,2,8306|9244
03/04/2025,2,3003|9939
04/04/2025,2,0640|3312
05/04/2025,3,3040|5769|7599
06/04/2025,3,0117|3271|7603
07/04/2025,2,1581|9518
10/04/2025,4,1089|1863|3526|3701
11/04/2025,2,2652|8624
12/04/2025,1,7324
13/04/2025,1,8336
14/04/2025,1,3213
16/04/2025,1,1120
17/04/2025,2,0934|8272
19/04/2025,1,6516
20/04/2025,2,4150|6948
21/04/2025,2,6080|7365
22/04/2025,1,5463
23/04/2025,2,6483|7768
25/04/2025,1,9178
26/04/2025,2,0977|9510
27/04/2025,2,2664|5957
30/04/2025,2,2005|8799
02/05/2025,2,2218|9463
03/05/2025,1,4879
04/05/2025,1,8476
07/05/2025,2,3458|5103
08/05/2025,2,5786|8881
09/05/2025,2,3399|3437
10/05/2025,4,1056|1611|6464|9936
11/05/2025,1,7547
12/05/2025,3,2706|2791|7877
13/05/2025,1,7111
15/05/2025,1,2711
16/05/2025,1,7325
19/05/2025,2,3331|8100
20/05/2025,2,0152|9904
21/05/2025,2,1067|8775
25/05/2025,1,8597
26/05/2025,1,5532
27/05/2025,1,5407
29/05/2025,1,8625
30/05/2025,2,0896|1878
31/05/2025,2,0732|4748
02/06/2025,1,8135
03/06/2025,1,5214
04/06/2025,1,6214
06/06/2025,1,2538
08/06/2025,3,6465|8681|8834
10/06/2025,1,3027
11/06/2025,2,0986|4675
12/06/2025,2,1285|9083
14/06/2025,3,0688|4355|4863
15/06/2025,4,1853|7792|9568|9998
16/06/2025,2,3285|9864
18/06/2025,4,0468|0599|1955|3441
20/06/2025,1,7213
21/06/2025,2,1022|1702
22/06/2025,1,9222
23/06/2025,1,6849
24/06/2025,4,5650|6742|7602|9576
27/06/2025,2,2502|7957
28/06/2025,1,8810
29/06/2025,5,0191|0705|0788|2517|4282
30/06/2025,1,1163
01/07/2025,1,0432
05/07/2025,3,3779|6755|7802
06/07/2025,1,8637
07/07/2025,2,3928|9858
08/07/2025,2,0800|7645
09/07/2025,2,2286|6977
10/07/2025,2,7434|8595
11/07/2025,1,3270
13/07/2025,1,6779
16/07/2025,2,3390|5828
17/07/2025,1,0736
18/07/2025,3,0080|2032|6140
19/07/2025,1,1994
21/07/2025,1,1340
22/07/2025,1,9481
24/07/2025,2,1909|4578
25/07/2025,1,1992
26/07/2025,1,5992
28/07/2025,1,8604
29/07/2025,1,1488
31/07/2025,2,0119|9620
02/08/2025,1,0382
04/08/2025,2,1193|5390
05/08/2025,2,1216|1647
06/08/2025,1,6109
08/08/2025,1,2405
09/08/2025,2,0762|4334
10/08/2025,1,4059
12/08/2025,1,0823
13/08/2025,1,9799
14/08/2025,1,4284
18/08/2025,2,0898|6583
19/08/2025,1,0588
20/08/2025,3,1678|5432|8229
21/08/2025,3,2155|2448|6690
22/08/2025,1,5955
23/08/2025,2,0880|1833
24/08/2025,1,9076
26/08/2025,2,0603|8808
28/08/2025,1,6937
29/08/2025,1,1655
30/08/2025,1,8499
31/08/2025,1,8104
01/09/2025,2,8080|9688
02/09/2025,3,1929|2312|3827
03/09/2025,1,7813
04/09/2025,1,9174
06/09/2025,1,5660
07/09/2025,1,8271
08/09/2025,2,1701|8949
11/09/2025,1,6285
12/09/2025,1,9706
14/09/2025,2,0405|3100
15/09/2025,2,5808|6089
16/09/2025,2,6911|8173
17/09/2025,3,1001|1459|2672
18/09/2025,2,1744|6523
19/09/2025,1,6271
20/09/2025,1,0186
21/09/2025,1,9368
22/09/2025,1,9912
28/09/2025,2,1688|9971
01/10/2025,3,0127|2839|6188
03/10/2025,1,6790
05/10/2025,2,0333|3868
06/10/2025,1,3590
07/10/2025,3,1843|5243|5761
09/10/2025,2,2285|6614
11/10/2025,1,9228
12/10/2025,4,1905|4640|4892|8326
13/10/2025,1,0309
14/10/2025,1,4545
15/10/2025,1,4682
17/10/2025,1,0930
18/10/2025,1,5692
19/10/2025,1,4058
21/10/2025,2,1816|9556
22/10/2025,1,2533
25/10/2025,3,4565|4720|8103
27/10/2025,2,6226|9319
28/10/2025,2,6795|6796
30/10/2025,3,4497|5612|9007
02/11/2025,1,2780
04/11/2025,3,4127|5936|6181
05/11/2025,2,2429|6947
06/11/2025,1,8148
07/11/2025,1,9807
