try,number
1,535009
2,201729
3,862737
4,577825
5,459300
6,786709
7,736078
8,214600
9,896464
10,760274
11,669675
12,176733
13,307775
14,779299
15,659893
16,464700
17,784272
18,714250
19,221372
20,160572
21,701213
22,600657
23,906232
24,801966
25,733332
26,385619
27,195990
28,802404
29,355990
30,235591
31,701373
32,239257
33,262549
34,768855
35,530224
36,270725
37,774395
38,283210
39,815065
40,501955
41,605483
42,848477
43,668650
44,259992
45,997057
46,972760
47,482295
48,669171
49,610117
50,510517
51,551940
52,150095
53,807156
54,527595
55,704850
56,559227
57,840434
58,581935
59,191709
60,741704
61,228327
62,259830
63,872210
64,827220
65,268085
66,774593
67,382595
68,703760
69,270654
